addressIn,addressOut
-2,11554
-2,11512
-2,11466
-2,12714
-2,11236
-2,10048
-2,12016
-2,11383
-2,13033
-2,11951
-2,10083
-2,12083
-2,11756
-2,12975
-2,10281
11014,11652
-2,12678
-2,11504
-2,12493
-2,11017
-2,10691
-2,11933
-2,13176
-2,11957
-2,9945
-2,11595
-2,12121
-2,10664
-2,12544
-2,11932
-2,10847
-2,11576
-2,10449
9328,744
10775,744
-2,12578
-2,11092
-2,9857
-2,9818
-2,12804
-2,12344
-2,12028
-2,12934
-2,10045
-2,12513
-2,13102
-2,10134
-2,12394
-2,13111
-2,11897
-2,10012
-2,10011
-2,10802
-2,11347
-2,11710
-2,11713
-2,12746
-2,10004
-2,11024
-2,12483
-2,11401
-2,11987
-2,11983
-2,12542
-2,12571
-2,13138
-2,12972
-2,10913
-2,11181
-2,11521
-2,11010
-2,12167
-2,10176
-2,11302
-2,12392
-2,12060
-2,12709
-2,11190
-2,9908
-2,13203
-2,10375
-2,10954
-2,11852
-2,9931
-2,13077
-2,11255
-2,9849
-2,9894
-2,10055
-2,9948
-2,12251
-2,9883
-2,10763
-2,12924
-2,10130
12077,13114
-2,10951
-2,12957
-2,9768
-2,12971
-2,11207
-2,10466
-2,11548
-2,10238
-2,11206
-2,11999
-2,11648
-2,10534
-2,11262
-2,13082
-2,12904
-2,11202
-2,11846
10029,11652
-2,10377
-2,11265
-2,11377
-2,11000
-2,11884
-2,13127
-2,12020
9989,10768
-2,10486
-2,10365
7802,11652
-2,12500
-2,12509
-2,12958
-2,12554
-2,11138
-2,12965
-2,11840
-2,10690
-2,12655
-2,10029
-2,9911
-2,10788
9073,11652
-2,11579
12188,744
-2,11473
-2,11778
-2,11806
-2,10700
-2,9915
-2,10300
-2,12517
-2,11571
-2,12561
-2,12461
-2,11570
-2,9764
-2,11334
-2,11764
-2,11866
-2,11184
-2,10778
-2,10464
-2,11305
-2,12446
-2,11634
-2,11297
-2,11476
-2,10286
-2,12032
-2,12315
-2,11082
-2,11662
-2,12872
-2,11638
-2,13135
-2,10789
-2,12030
-2,10044
-2,11308
-2,10935
-2,9975
-2,12053
-2,10929
-2,11195
-2,12283
-2,12073
-2,11907
-2,10786
-2,10182
-2,12583
-2,10230
-2,10320
-2,12674
-2,10657
-2,10617
-2,11277
-2,12824
-2,11755
-2,11737
-2,12295
-2,12442
-2,12545
-2,10268
-2,12109
-2,12997
-2,9922
-2,12274
-2,10174
-2,11829
-2,11592
-2,12277
11989,12472
-2,10160
-2,12927
-2,10599
-2,12166
10441,10625
-2,10088
-2,10120
-2,11665
-2,12017
-2,12066
-2,10124
-2,10496
-2,10570
-2,11285
12556,744
-2,12129
-2,13205
-2,10457
-2,11754
-2,11555
-2,12532
-2,12769
-2,12862
-2,11728
-2,11109
-2,9843
11734,744
11943,744
-2,12093
-2,12291
-2,10731
-2,9841
-2,12716
-2,12743
-2,10767
-2,11101
-2,12242
-2,11818
-2,9926
-2,10127
-2,12608
-2,11140
-2,11588
-2,10146
-2,12494
-2,10741
-2,10710
-2,10517
-2,12142
12091,13114
-2,13121
-2,11566
-2,12645
12554,744
-2,11120
-2,11944
-2,11210
-2,11786
-2,10572
10279,10625
-2,12314
-2,9847
-2,11683
-2,10307
-2,13157
-2,9929
-2,10877
-2,10489
-2,11956
-2,11246
-2,10042
-2,12939
-2,11976
-2,12276
-2,10671
-2,10858
-2,10588
-2,11700
-2,12868
-2,11276
-2,11562
-2,12730
-2,11139
-2,12956
-2,12144
-2,10792
-2,9792
-2,10006
-2,10485
-2,10857
-2,10179
-2,12712
6580,11652
-2,10969
-2,11507
-2,10801
-2,10395
-2,10999
-2,11218
-2,10305
-2,11408
-2,9981
-2,12237
-2,11313
-2,10337
-2,11186
-2,12244
-2,11278
-2,11772
-2,13198
-2,9937
-2,11947
9371,11652
-2,9909
-2,10167
-2,13139
12472,12472
-2,11875
-2,13214
-2,10475
-2,10630
-2,13039
-2,12310
-2,11172
-2,11300
-2,10647
-2,9995
-2,10806
-2,11918
-2,12637
-2,10327
-2,11530
-2,9763
-2,12091
-2,11086
10578,744
-2,11322
-2,12189
-2,10848
-2,11329
-2,10109
-2,11835
-2,12300
-2,10641
-2,12137
-2,11511
-2,9791
-2,11533
-2,10659
-2,12019
-2,13179
-2,11030
9789,744
-2,10658
-2,12453
-2,11135
-2,11049
-2,10925
-2,10336
-2,10001
-2,12533
-2,12522
-2,10968
-2,11156
-2,10098
-2,9837
-2,11946
-2,11997
-2,11919
-2,11869
-2,11878
-2,10253
-2,13219
-2,12490
-2,10899
-2,10512
-2,10918
-2,13096
-2,12131
-2,11698
-2,10546
-2,10405
-2,9958
-2,12770
-2,11407
-2,11418
-2,12859
-2,10701
-2,12090
-2,12374
-2,11868
-2,12262
-2,11622
-2,11199
-2,11563
6537,11652
-2,11306
-2,11561
12723,13114
-2,10866
-2,10050
-2,9803
-2,13118
-2,10229
-2,12765
-2,9828
-2,11524
-2,11177
-2,12617
-2,11909
-2,11287
-2,11344
-2,10054
-2,11824
-2,9787
-2,9809
-2,11036
6477,11652
-2,10308
-2,12819
-2,10924
-2,12917
-2,12642
9513,5270
-2,10052
-2,12123
-2,12207
-2,12926
-2,11333
-2,10949
-2,12685
-2,12130
12246,744
-2,10780
-2,11417
-2,12243
-2,12973
-2,11965
-2,9881
-2,9806
-2,11604
-2,10310
-2,11018
8243,11652
10611,5270
-2,9831
-2,10615
-2,12577
-2,11229
-2,12680
-2,11459
-2,11217
-2,11903
-2,10842
-2,9804
-2,10879
-2,10737
-2,11681
-2,11762
-2,13199
-2,10568
-2,12443
-2,12287
-2,11668
-2,10636
-2,10931
-2,11675
-2,11045
-2,10944
-2,10735
-2,12480
10344,744
-2,11006
-2,11701
-2,11357
-2,12326
10768,5270
-2,13072
-2,12486
-2,10587
-2,11037
-2,12119
-2,11257
10107,11652
11684,5270
-2,11831
-2,10237
-2,10370
-2,11247
-2,10771
-2,10812
-2,11294
-2,10830
-2,11282
-2,10906
-2,13213
-2,12003
-2,10853
-2,11703
-2,10907
-2,11717
-2,11390
-2,12373
-2,12626
-2,10368
-2,12146
10909,744
9578,744
-2,13207
-2,12840
-2,12681
-2,12856
-2,12308
-2,11738
-2,11599
-2,13101
-2,10960
10020,11652
-2,12340
-2,12652
-2,12977
12622,13114
-2,11981
-2,10730
11776,744
-2,12256
-2,12216
-2,10100
-2,9793
-2,11362
-2,9988
-2,12908
-2,13062
-2,11805
-2,12728
-2,11147
-2,10902
-2,12592
-2,10992
10035,11652
11234,5270
-2,10975
-2,11132
-2,11565
-2,13095
-2,11059
-2,11369
-2,12336
-2,12414
-2,11479
-2,11667
-2,12024
-2,10567
-2,11525
-2,9967
-2,11721
-2,10618
-2,11016
-2,12784
-2,10355
-2,10566
-2,13161
-2,10685
-2,11478
-2,11948
-2,11248
-2,11573
-2,11982
-2,13054
10790,744
-2,10363
-2,10417
-2,12931
-2,13053
-2,10583
-2,12261
-2,11182
-2,10212
-2,12348
-2,12086
-2,13153
-2,12399
-2,10544
-2,11433
-2,11170
-2,10023
-2,13069
-2,10995
-2,11143
-2,10817
-2,11912
-2,10389
-2,11397
-2,10643
-2,12788
-2,10547
-2,13078
-2,10892
-2,13160
-2,10408
-2,9861
-2,10946
-2,10177
-2,11185
-2,11095
-2,10972
-2,11087
12097,5270
-2,12596
-2,12408
-2,12229
-2,12625
-2,12433
-2,11865
-2,10349
-2,10359
-2,12852
-2,9939
-2,12737
-2,9770
-2,11623
-2,11055
-2,11601
-2,9919
-2,13027
-2,12395
-2,12913
-2,11978
-2,11880
-2,12334
-2,12349
-2,10805
-2,9895
-2,10097
-2,12013
-2,12900
-2,10883
-2,13028
-2,12473
-2,12107
-2,10480
-2,12203
-2,11029
-2,11784
-2,10429
-2,11270
-2,10390
-2,12638
-2,12128
-2,12208
-2,10420
-2,9826
-2,10091
-2,10331
-2,11646
-2,11477
-2,9959
-2,11741
-2,10867
-2,12485
-2,12365
-2,12043
-2,10552
-2,10880
-2,12445
-2,12154
-2,12174
-2,12087
-2,9993
-2,12436
-2,11295
-2,11800
-2,9773
-2,12468
-2,12853
-2,11446
-2,11008
-2,12985
-2,11780
-2,11188
-2,9965
-2,11757
-2,13217
-2,11268
-2,9877
-2,11399
-2,11531
-2,9790
-2,11227
-2,12992
-2,11612
-2,12160
12313,12472
-2,9987
-2,10074
-2,10803
-2,10520
-2,9974
-2,11338
-2,9866
-2,13002
-2,12585
-2,10400
-2,12339
-2,10754
-2,11179
-2,10302
-2,11979
-2,10784
-2,12272
-2,11860
-2,9990
-2,13194
-2,10252
-2,10093
-2,13190
-2,12699
-2,12199
-2,12503
-2,11312
-2,10161
-2,12071
-2,10851
-2,12694
-2,9955
-2,11517
-2,11254
-2,10107
-2,12620
-2,10159
-2,10919
-2,11426
-2,10549
-2,12454
-2,10334
10722,10722
-2,10582
-2,12551
-2,11769
-2,10258
-2,10941
-2,11096
-2,11898
-2,12455
9922,744
-2,10548
-2,11696
-2,11743
-2,10718
-2,9812
-2,11088
-2,12935
-2,10187
-2,11801
-2,10333
8701,11652
-2,11695
-2,11162
-2,10289
-2,13216
-2,13162
-2,11157
-2,12776
-2,13043
-2,10900
-2,11514
-2,12466
-2,11854
-2,11628
-2,13212
-2,11963
-2,12711
-2,10172
-2,12656
-2,12429
-2,13016
-2,10973
-2,13040
-2,10398
-2,12389
-2,12012
-2,11863
-2,12457
-2,11422
-2,10477
-2,10002
-2,11379
-2,11535
-2,12221
-2,11153
-2,9771
-2,12319
-2,12820
-2,12875
-2,12930
-2,13171
-2,11908
-2,11428
-2,9991
-2,12410
-2,12346
-2,11196
-2,11127
-2,10170
-2,10726
-2,10264
9713,744
9363,744
-2,11038
-2,10358
-2,9775
-2,12810
-2,13169
-2,13005
-2,10293
-2,10151
-2,12449
-2,13200
-2,12905
-2,11817
-2,12906
-2,11858
-2,10723
-2,9845
-2,9949
-2,9839
-2,12219
-2,12065
-2,9910
-2,10896
-2,12079
-2,10770
-2,12598
-2,13094
-2,10811
-2,12727
-2,10129
10509,11652
-2,11355
-2,11799
-2,10509
-2,11546
-2,13187
-2,10354
-2,12660
-2,9893
-2,12994
-2,11442
-2,10610
-2,13093
-2,11857
-2,11174
-2,12413
-2,12266
-2,12575
-2,10821
-2,12497
-2,10085
-2,10350
-2,9840
-2,11074
-2,13204
-2,11160
-2,10982
-2,12761
-2,13048
-2,11176
-2,12361
9496,5270
-2,10957
-2,12002
-2,10620
-2,9932
-2,11328
-2,11211
-2,12535
-2,11288
-2,12565
9383,744
-2,12990
-2,11732
-2,12112
-2,11924
-2,11388
-2,9898
-2,10296
-2,11962
-2,13070
-2,10920
-2,11395
-2,9842
12313,13114
-2,12273
-2,12739
-2,11890
-2,10716
-2,12424
-2,10175
-2,13170
-2,11598
-2,11674
-2,10804
-2,10669
-2,12186
-2,12489
11456,5270
-2,11725
-2,9980
-2,10213
-2,12448
-2,12084
-2,12742
-2,11118
-2,13125
-2,11283
-2,12368
-2,11559
-2,11985
-2,12391
-2,11463
-2,10983
-2,11497
-2,10613
-2,12909
-2,11203
-2,12540
-2,11859
-2,9794
-2,11574
-2,11793
-2,11923
-2,10894
-2,10872
-2,9852
-2,9900
11951,744
-2,12464
-2,9786
-2,10708
-2,12567
-2,12902
10954,744
-2,12878
9747,5270
-2,11129
-2,11619
-2,10808
-2,10328
-2,9904
-2,11320
-2,12835
-2,10244
-2,12574
-2,10108
-2,10516
-2,11671
-2,10003
-2,11048
-2,12205
-2,10751
-2,10614
-2,10903
-2,10318
-2,10515
-2,9983
10568,5270
-2,12023
-2,11007
-2,11002
-2,12311
-2,10078
-2,10523
-2,11318
-2,10686
-2,11063
11963,5270
-2,11301
-2,10781
-2,10807
-2,13083
-2,11707
-2,11326
-2,9819
9418,11652
-2,10053
-2,12851
-2,13152
-2,10269
-2,10930
-2,11060
-2,12063
-2,11838
10297,744
-2,11187
-2,11961
-2,11493
-2,11102
-2,11337
-2,10454
-2,10223
-2,11889
-2,11893
-2,12499
-2,11263
-2,10072
-2,11534
-2,11293
-2,11520
-2,11046
-2,12766
-2,11545
-2,12757
-2,11605
-2,10277
-2,12294
-2,12363
-2,12450
-2,11100
-2,9996
-2,12526
-2,11077
-2,10910
-2,11922
-2,10188
-2,11064
-2,10952
-2,11222
-2,13185
-2,12703
9770,744
-2,12605
-2,10105
-2,10407
-2,10385
-2,11243
-2,12947
-2,10753
-2,10916
-2,10553
-2,12573
-2,11097
-2,10344
11989,13045
-2,10418
-2,12842
-2,11058
-2,10888
-2,12459
-2,11054
-2,11136
-2,12588
-2,10125
10094,744
9333,744
-2,10382
-2,11977
-2,9940
-2,12813
-2,11641
-2,11791
-2,9765
-2,12259
-2,10426
-2,10908
-2,13197
-2,10654
-2,13201
-2,12799
-2,11986
-2,12740
-2,12563
-2,10522
-2,12482
-2,12897
-2,9944
-2,13089
-2,12896
-2,12185
-2,10227
-2,11235
-2,11900
-2,10249
-2,12845
-2,11557
-2,11154
-2,10607
-2,9798
-2,11351
-2,10497
9376,744
-2,10713
-2,12901
-2,10430
-2,9906
-2,13042
-2,12885
-2,11861
-2,11686
-2,10758
-2,9850
-2,11400
-2,10131
-2,11589
-2,9936
-2,12168
-2,10030
-2,12498
9620,744
-2,9938
-2,10313
-2,10275
-2,10009
-2,11702
-2,12841
-2,10558
-2,12055
-2,12817
-2,12322
-2,13079
-2,11795
-2,11839
-2,9970
-2,10532
-2,11150
-2,10870
-2,10154
-2,10550
-2,12155
-2,9836
-2,10942
-2,13059
-2,12995
-2,11739
-2,10965
-2,10981
-2,12031
-2,10832
-2,12377
-2,12347
-2,13184
-2,10007
-2,11943
-2,10232
-2,12531
10052,744
-2,10651
-2,11461
-2,12702
10161,10768
-2,11242
-2,12865
-2,11853
-2,12781
-2,11230
-2,12780
-2,10138
-2,9855
-2,10387
-2,11175
-2,11089
-2,11261
-2,12236
10386,10625
-2,10893
9910,744
-2,9882
-2,12444
-2,10835
-2,12036
11952,5270
-2,11266
-2,10197
-2,11660
-2,11966
-2,11083
-2,12156
-2,11331
-2,10861
10213,744
9944,744
-2,11281
-2,9846
-2,12590
-2,10195
-2,12252
-2,10911
-2,12641
-2,10063
-2,9815
-2,11429
-2,9776
-2,11462
-2,13148
-2,10837
-2,11790
-2,12599
-2,10732
-2,11231
-2,11165
-2,12510
-2,12379
-2,10738
10412,10625
9574,744
-2,10196
-2,10976
9251,5270
-2,10171
-2,11224
-2,11234
-2,11650
-2,10673
7376,11652
-2,11581
-2,10411
-2,10412
-2,10416
-2,10469
-2,12328
-2,10947
-2,12371
-2,10372
-2,12673
-2,10719
-2,12484
-2,11292
-2,12033
-2,11009
-2,13141
-2,11039
-2,12775
-2,11773
-2,10569
-2,11877
-2,13221
-2,12898
-2,9923
-2,11061
-2,13208
-2,11171
-2,10692
-2,10932
-2,10104
-2,11164
11403,11403
-2,10450
-2,10113
-2,10266
-2,11746
-2,10506
-2,13097
-2,11734
-2,10862
-2,11657
-2,12420
-2,11189
-2,11057
-2,10571
-2,12281
11902,5270
-2,12505
-2,9971
-2,10624
-2,12726
6633,11652
9096,11652
-2,11032
-2,12869
-2,11481
-2,12741
-2,12396
-2,10240
-2,13164
-2,10166
-2,12103
-2,12143
-2,9810
-2,12943
-2,11405
-2,11921
-2,12293
-2,11439
-2,10340
-2,11541
-2,12217
12091,12472
-2,9902
-2,10219
-2,13209
-2,10095
-2,12587
-2,10235
-2,12327
-2,9946
-2,10869
-2,12215
-2,11575
-2,11758
-2,10439
-2,12665
7749,11652
-2,12830
-2,11076
-2,12253
-2,11340
-2,12662
-2,10215
-2,10255
-2,11822
-2,12821
-2,12150
-2,11249
-2,10035
-2,11349
-2,12594
-2,10321
-2,10755
-2,11532
-2,12098
-2,12022
-2,9992
-2,13025
-2,10974
-2,12961
-2,10948
-2,9888
-2,12465
-2,12153
-2,12833
-2,12970
-2,11659
-2,12110
-2,11913
-2,12759
-2,12178
8656,11652
-2,12001
-2,9978
-2,12173
-2,10632
-2,11851
11785,12472
-2,12918
-2,10132
-2,12475
-2,12284
-2,12864
-2,11627
-2,10391
-2,10019
-2,11343
-2,11848
-2,11398
-2,11621
-2,11386
-2,9969
-2,12738
-2,13041
11811,5270
-2,10183
-2,12528
-2,11661
-2,12763
-2,10638
-2,12572
-2,10551
-2,11836
-2,12867
-2,11984
-2,11315
-2,11475
-2,12383
-2,10438
-2,11350
-2,10199
-2,12692
-2,12808
-2,11052
-2,10341
-2,10271
-2,13075
-2,10791
-2,12102
-2,11602
-2,10729
-2,10260
-2,11643
-2,10989
-2,10608
-2,11155
-2,10374
-2,10016
-2,10290
-2,12736
-2,10394
-2,11939
-2,12546
-2,11031
-2,10162
-2,10193
-2,9772
-2,11617
-2,11513
9858,744
-2,9848
-2,12923
-2,12333
-2,11110
-2,11745
-2,12903
-2,11065
-2,9976
-2,13049
-2,12543
-2,12210
-2,9997
-2,13172
10610,744
-2,11391
-2,12811
-2,11445
-2,12791
-2,12228
-2,11119
-2,12778
-2,10472
-2,13080
-2,10856
-2,10963
-2,11387
-2,10648
12028,5270
-2,10650
-2,11394
-2,10966
-2,10493
12978,13114
-2,12113
-2,10200
-2,13175
-2,12234
-2,10841
-2,12553
12009,5270
-2,11291
-2,10192
-2,10773
-2,11843
-2,10684
-2,12672
-2,10217
-2,10456
-2,11516
-2,11114
-2,10740
-2,12752
-2,12989
-2,10822
-2,13032
-2,11485
12980,13114
-2,10715
-2,10243
-2,11692
-2,12507
-2,13034
-2,10905
-2,10956
-2,10881
-2,10267
-2,11578
-2,11775
-2,11489
-2,9808
-2,9789
-2,11208
-2,12352
-2,12582
-2,13008
-2,12541
-2,12364
9630,744
-2,10194
-2,12255
-2,11569
-2,10168
-2,12792
-2,9779
-2,10757
-2,11855
-2,13068
-2,11872
-2,11381
-2,9933
-2,10292
-2,13015
-2,12157
-2,12779
-2,12081
-2,11342
-2,10626
-2,10518
-2,12847
-2,10519
-2,12895
-2,11887
-2,11911
-2,12631
-2,12034
-2,10662
-2,11879
-2,12773
-2,10140
-2,10034
-2,12750
-2,10473
-2,12268
-2,12944
-2,11416
10264,744
-2,11260
9720,5270
-2,10560
-2,10574
-2,12640
-2,12570
-2,12866
-2,11823
-2,12837
-2,11374
-2,11974
-2,11352
-2,11905
-2,11540
-2,12724
-2,11316
-2,11107
12543,744
-2,10539
-2,12795
-2,10204
-2,13191
-2,12504
-2,11809
-2,12177
-2,11637
-2,10114
-2,10653
-2,11213
-2,10461
-2,11972
-2,10186
-2,12894
-2,10897
11108,5270
-2,9886
-2,10536
10147,744
-2,11616
9785,5270
-2,12140
-2,10251
-2,11670
-2,11810
-2,10133
-2,10739
-2,10915
-2,9928
-2,12050
-2,12162
10474,744
-2,11958
-2,12470
-2,10863
-2,10724
9166,10768
-2,9962
-2,9961
-2,12025
-2,11034
-2,9957
-2,11691
-2,12105
-2,12753
-2,10714
-2,10425
-2,10348
-2,11303
-2,9823
-2,10413
-2,10538
-2,11941
-2,10604
-2,9998
-2,11519
-2,11464
-2,10198
11129,11652
-2,9872
-2,12323
-2,11491
-2,10285
-2,10926
-2,10247
-2,12369
-2,9838
-2,12421
-2,12313
-2,11505
-2,12560
-2,9986
-2,13030
-2,11811
-2,11964
-2,10667
-2,10324
-2,12595
11403,11830
-2,12296
-2,12919
-2,11367
-2,11073
-2,11644
-2,12874
-2,11104
-2,12552
-2,12793
-2,11084
-2,13166
-2,12387
-2,13066
-2,12134
-2,10245
-2,12046
-2,10291
-2,12732
-2,12196
-2,11910
-2,11051
-2,12667
-2,11797
-2,11094
-2,11486
-2,12211
-2,11200
-2,10338
-2,10027
-2,11393
-2,11925
-2,12786
10403,744
-2,11253
-2,13215
-2,12204
-2,11582
-2,10165
-2,11141
-2,12056
-2,11233
-2,11768
-2,11992
-2,10652
-2,10874
-2,12767
-2,10500
-2,10923
-2,12094
-2,10231
-2,10722
-2,12501
-2,11392
-2,11850
-2,12603
-2,10959
-2,10796
-2,10816
-2,12836
-2,11705
-2,13218
-2,10986
-2,10373
-2,11144
-2,10922
10008,744
-2,11111
-2,12952
-2,10676
-2,12015
-2,12797
-2,12718
-2,10746
-2,11874
-2,11937
8738,11652
-2,13029
-2,11845
-2,12342
-2,10008
-2,12880
-2,12279
-2,12069
-2,10581
-2,12981
-2,10621
-2,12633
-2,12968
-2,9943
-2,9816
-2,12116
-2,10299
-2,10347
10365,744
-2,13065
-2,12945
-2,10682
-2,12630
-2,10590
-2,11359
6488,11652
-2,10980
-2,10672
-2,12488
-2,10492
-2,9863
-2,13084
-2,10634
-2,10234
-2,10112
-2,12309
-2,10854
-2,10304
-2,13144
-2,12628
-2,11539
-2,10163
-2,12798
-2,12415
-2,11552
-2,12163
-2,12929
-2,12027
-2,11099
-2,10343
-2,10397
-2,9824
-2,10010
-2,10706
-2,9966
-2,13186
9315,744
-2,10541
-2,10059
-2,11785
-2,12120
-2,10386
-2,11499
-2,10689
-2,12634
-2,11091
-2,12772
-2,11437
11525,11652
11386,11652
-2,10448
-2,12658
-2,12755
-2,10602
-2,13113
-2,12556
-2,12061
-2,12777
-2,10216
-2,11712
-2,10239
-2,10656
-2,11968
-2,12996
10722,10849
-2,11631
-2,10111
-2,10270
-2,11022
-2,10089
-2,11550
-2,10155
-2,11642
10327,744
10171,744
-2,10795
-2,12411
-2,13026
-2,13122
-2,12439
-2,11014
-2,9830
-2,12045
12980,12472
-2,12695
-2,12230
-2,12670
-2,12828
-2,10225
-2,9827
-2,11847
-2,12076
-2,10542
-2,11043
-2,12011
-2,10645
-2,11639
-2,11223
-2,12064
-2,11215
-2,11882
-2,10437
-2,11826
-2,12938
-2,10744
-2,10329
-2,10704
-2,10075
-2,11152
-2,13010
-2,12147
-2,12558
-2,10115
-2,12745
-2,12035
-2,9950
-2,12576
-2,10481
-2,13052
-2,13137
-2,10628
-2,12980
9941,744
9396,744
10332,744
-2,10434
-2,10742
-2,12278
-2,11047
-2,12265
-2,11023
-2,12722
8149,11652
-2,11168
-2,10909
-2,11025
-2,10776
-2,13177
-2,10890
-2,11309
-2,10345
-2,9896
-2,12643
-2,13071
-2,12876
-2,12974
-2,13050
9701,744
-2,13129
-2,12955
-2,12967
-2,10226
-2,12419
-2,13023
-2,10943
-2,11798
-2,10764
-2,11228
-2,11873
-2,12248
-2,10998
-2,10721
-2,10380
-2,11259
-2,11480
-2,9833
-2,10026
-2,10772
-2,13112
-2,12536
10801,744
-2,12689
-2,10759
-2,9869
-2,11414
-2,10580
-2,12008
-2,10064
-2,9901
-2,10422
10784,11652
-2,11716
-2,12427
-2,11354
-2,11431
-2,12848
-2,11742
-2,10765
-2,12195
-2,10487
-2,10635
-2,11568
-2,11752
-2,13188
-2,10319
-2,12581
-2,11212
-2,10117
-2,10575
9036,10768
-2,10531
-2,12467
-2,12382
-2,11733
-2,11895
-2,12292
12237,744
-2,11993
-2,10046
-2,11098
-2,12171
-2,12666
-2,10810
-2,12049
-2,12039
-2,10309
-2,10364
-2,12584
-2,11796
-2,13067
-2,11553
-2,11722
-2,12653
-2,12047
-2,10424
-2,13046
-2,11469
-2,12406
-2,12611
-2,12920
-2,9956
-2,11137
-2,12963
-2,12356
-2,11336
-2,11441
-2,10224
-2,12629
12581,744
12219,744
-2,11121
-2,10660
-2,12893
-2,12366
-2,10141
-2,10346
9959,744
-2,11435
-2,12222
-2,9821
-2,12850
-2,10205
-2,11653
-2,12010
-2,10116
-2,12601
12472,13114
-2,9994
-2,10057
-2,11950
-2,11560
-2,10834
-2,12690
-2,11828
-2,11825
-2,10530
-2,10748
-2,10799
-2,11770
-2,12612
-2,12096
-2,10953
-2,11916
-2,10433
-2,11891
-2,11375
-2,10525
-2,9867
-2,12018
-2,9903
-2,12280
-2,12700
-2,10376
-2,12067
-2,12657
-2,11415
-2,10646
-2,12886
-2,10298
-2,9854
-2,10254
-2,9800
-2,11952
-2,10563
-2,10709
-2,10421
-2,10257
-2,11068
10833,744
-2,10099
-2,12288
-2,12341
-2,11396
-2,12646
-2,10061
-2,11460
-2,11690
-2,11936
-2,10150
-2,11209
-2,10994
-2,10303
-2,9912
-2,13182
-2,10991
-2,10594
-2,11767
-2,11803
-2,11402
-2,12021
-2,12059
-2,10917
-2,10680
-2,12198
-2,12233
9942,744
-2,11311
-2,11841
-2,11763
-2,12434
-2,13064
-2,12803
-2,10977
-2,12000
-2,11736
-2,11726
-2,11902
-2,9889
12017,12472
-2,13090
-2,12080
-2,12332
-2,9766
9541,744
-2,11430
-2,11706
-2,11904
-2,12122
-2,11090
-2,9941
-2,9844
-2,11567
-2,11960
-2,11776
-2,10479
-2,11938
-2,12978
-2,12360
-2,11013
-2,11709
-2,12580
-2,9874
-2,10156
-2,10060
-2,9899
-2,12249
-2,11273
-2,10118
-2,10950
-2,12704
-2,10663
-2,9921
-2,11149
-2,12936
10351,744
-2,10828
-2,13174
-2,10698
-2,12316
-2,12720
-2,12537
-2,11593
-2,10474
-2,10203
-2,12882
-2,10513
-2,12816
9833,11652
-2,10306
-2,11238
-2,11630
-2,12946
-2,13220
-2,12246
-2,11323
-2,12502
-2,11173
9526,5270
-2,10288
-2,12591
-2,12370
-2,11033
-2,13105
-2,10148
-2,12987
-2,11378
-2,10598
-2,9761
-2,12725
-2,10189
-2,11970
-2,10688
-2,9785
-2,10062
-2,10756
-2,12321
-2,11844
-2,10458
-2,10056
-2,11319
-2,12648
-2,10441
-2,11133
-2,10752
-2,10779
-2,12818
-2,11723
-2,12800
-2,10388
-2,11636
-2,12070
-2,11543
11862,12472
-2,10339
-2,9879
-2,10797
-2,12627
-2,12789
-2,11765
-2,12884
-2,12721
9781,744
-2,11876
-2,9897
-2,11404
-2,10137
-2,12190
-2,12009
-2,9858
-2,12991
-2,11714
-2,12478
-2,10079
-2,12435
-2,13123
-2,10073
-2,13000
-2,10775
-2,11079
-2,11740
-2,10503
-2,10314
-2,11871
-2,11672
-2,10453
-2,11927
-2,10937
-2,10679
-2,12713
-2,11252
12077,12472
-2,12378
-2,13024
-2,11078
-2,11498
-2,10211
-2,10868
-2,11483
-2,12525
-2,9887
-2,12165
-2,11510
-2,12441
-2,10783
-2,12286
-2,11366
-2,12751
8974,11652
-2,10556
-2,12827
-2,12805
-2,12085
-2,11600
-2,12432
-2,13173
-2,13130
-2,12988
-2,11026
-2,12072
-2,13056
-2,10936
12159,5270
-2,13021
-2,10886
-2,12559
-2,11501
-2,12873
-2,12398
-2,12401
-2,12915
11251,11652
-2,10593
-2,10043
-2,12663
-2,13183
-2,13189
-2,9814
-2,13110
-2,12519
-2,11812
-2,13006
-2,11747
-2,12412
-2,10939
-2,10921
-2,10642
-2,12041
-2,10850
-2,13120
-2,12616
-2,10465
-2,10096
-2,10024
-2,12111
-2,10092
-2,12397
9851,5270
-2,10265
-2,13151
12048,5270
-2,10666
-2,11192
-2,11286
-2,13086
-2,10494
6746,11652
-2,10392
-2,12159
11214,11214
-2,12491
-2,11808
-2,12683
-2,11682
-2,12338
-2,10038
-2,10901
-2,9982
-2,11432
9528,5270
-2,11990
-2,10190
-2,12422
-2,10032
-2,12306
-2,10181
-2,12669
-2,13087
-2,12855
-2,13142
-2,12212
-2,13146
-2,12951
9724,5270
-2,12240
-2,11699
-2,12275
-2,12376
-2,12564
-2,11314
-2,11472
-2,10356
-2,12385
-2,10467
-2,13109
-2,11116
-2,10576
-2,12232
-2,11870
10863,5270
-2,12729
-2,11457
-2,10036
-2,11244
-2,10447
-2,13019
-2,10798
9623,5270
-2,12224
-2,10736
-2,9870
-2,10041
-2,10498
-2,10087
-2,10637
9171,5270
-2,10978
-2,10683
-2,12802
-2,12197
10092,10625
-2,10357
-2,11066
-2,10543
-2,9977
-2,12440
-2,9934
-2,12367
-2,12298
-2,10326
-2,11454
-2,11509
-2,12731
-2,12075
-2,11382
-2,11413
-2,10415
10511,744
10966,744
-2,13150
-2,12329
-2,10381
-2,10505
-2,10839
-2,10353
-2,12362
-2,11629
-2,10280
-2,12148
-2,11527
-2,10677
-2,12428
-2,12106
-2,10876
-2,12613
-2,11251
-2,12417
-2,10865
-2,11317
-2,12762
-2,10401
-2,12758
-2,11819
-2,10276
-2,9930
-2,11021
-2,11488
-2,10640
-2,12247
-2,10750
-2,9880
-2,9811
-2,10462
-2,11356
-2,11991
-2,10557
-2,10301
-2,12115
-2,10852
-2,9851
-2,12514
-2,12539
-2,12794
-2,11042
-2,9924
-2,12860
-2,9797
-2,10703
-2,10143
-2,11814
-2,12512
-2,11502
-2,9822
-2,10597
-2,12331
-2,11610
-2,10384
-2,12285
-2,12814
-2,10984
-2,11980
-2,13098
-2,12425
-2,12635
-2,9875
-2,11515
-2,10733
-2,11325
-2,9954
-2,11802
-2,10762
-2,12388
-2,13057
-2,13211
-2,11583
-2,10601
-2,10889
-2,11771
-2,10444
-2,10674
-2,11506
-2,12998
-2,12126
-2,12910
-2,13196
-2,10627
-2,12844
-2,12258
-2,10102
-2,12474
-2,10101
-2,10914
-2,13061
-2,12161
-2,12182
-2,11452
-2,10369
-2,11436
-2,11901
-2,11371
-2,11250
-2,10785
-2,10743
-2,11380
-2,12181
-2,12353
-2,11920
-2,10769
-2,13088
-2,11465
-2,11419
-2,11353
-2,13145
-2,12409
-2,10478
-2,10142
-2,10136
-2,10955
-2,11837
-2,11169
-2,9762
-2,10241
-2,10540
-2,10814
-2,11183
-2,9782
12978,12472
-2,12099
-2,10287
-2,11075
-2,12469
-2,12717
-2,11656
-2,11518
-2,11081
-2,12108
-2,13074
-2,12966
10956,744
-2,11804
-2,11613
-2,10366
-2,12357
-2,11103
-2,12172
-2,11035
-2,12257
-2,11148
-2,10603
-2,10639
-2,11403
-2,12402
-2,11794
-2,12496
-2,12337
-2,10250
-2,12289
-2,10961
-2,12506
-2,12937
-2,12304
-2,13007
-2,12941
-2,10094
-2,9864
-2,9780
-2,11647
7234,11652
-2,12618
-2,10928
-2,10633
-2,10070
-2,10065
-2,12933
-2,11896
-2,10180
-2,11005
-2,10419
-2,10794
-2,10295
-2,11440
-2,12912
-2,10826
-2,11779
-2,11409
-2,10018
-2,12487
-2,12671
-2,12149
12403,12472
-2,10443
-2,10272
-2,13126
-2,12555
-2,10322
10475,744
-2,11304
-2,10882
-2,12747
-2,12733
-2,11759
-2,11406
-2,10169
-2,10228
-2,12547
-2,10964
-2,11718
10612,11652
-2,13134
-2,11496
-2,10529
-2,12969
-2,11146
-2,13132
-2,12831
-2,12806
-2,12495
-2,13192
-2,10468
-2,11117
-2,11267
-2,10993
-2,12456
-2,9968
-2,12042
-2,10970
-2,12698
-2,11994
-2,12774
-2,12696
-2,11632
-2,11687
-2,12040
-2,10971
-2,11494
-2,10985
-2,10471
-2,12785
-2,10037
-2,10933
-2,12004
11765,12472
-2,12133
-2,13167
12199,744
-2,11019
-2,12058
10987,744
-2,11807
-2,12235
-2,12838
-2,12118
-2,12892
-2,11385
-2,11339
-2,12423
-2,11774
-2,11538
-2,10246
-2,10584
-2,12403
-2,11191
-2,11458
-2,10000
-2,11484
-2,12220
-2,13018
-2,10084
-2,12192
11230,11453
-2,11455
10681,744
-2,12760
-2,13063
-2,11256
-2,11274
-2,11508
-2,12993
-2,10028
-2,10020
-2,11492
-2,10774
8253,11652
-2,10884
11989,13114
-2,11820
-2,12054
-2,10611
-2,12756
10467,10625
9565,744
-2,10878
-2,11536
-2,10342
-2,12524
-2,12214
8182,11652
-2,11298
-2,10428
-2,10825
-2,13100
-2,11093
9326,744
-2,11606
-2,12200
-2,10585
-2,10081
-2,11792
-2,10152
-2,10844
-2,13013
-2,13108
-2,10967
-2,11649
-2,9884
-2,13012
-2,10809
-2,10979
-2,11361
-2,11731
-2,10761
-2,13038
-2,9873
-2,12225
-2,12458
-2,11914
-2,12706
-2,12548
-2,12829
-2,11685
-2,11995
-2,11975
-2,12158
-2,10887
-2,12812
-2,12651
-2,11142
-2,11216
-2,13014
-2,11526
12017,13114
11901,744
-2,9796
-2,12719
-2,9767
-2,10403
-2,12705
-2,11069
-2,10383
-2,11027
-2,9925
-2,12029
-2,10106
-2,12999
-2,10278
-2,12354
-2,10668
-2,12826
-2,11654
-2,13202
10732,5270
-2,11220
-2,10323
-2,10263
-2,12299
-2,11608
-2,12014
-2,10261
-2,10185
-2,13003
-2,10699
-2,12176
-2,11126
-2,13020
-2,10562
-2,10612
-2,10712
-2,10838
-2,12416
-2,11955
-2,11655
-2,10352
-2,10606
-2,10440
-2,11953
-2,11503
9913,744
-2,11711
-2,10855
-2,12264
-2,12849
-2,13047
-2,11781
-2,9801
-2,9817
-2,12979
-2,12101
-2,10451
-2,13035
-2,11219
-2,12188
-2,10484
-2,10157
-2,12312
-2,11813
-2,12822
-2,11585
-2,10813
-2,12048
-2,11072
-2,12307
-2,11056
-2,10367
-2,11324
-2,10126
-2,10507
-2,10945
-2,11447
-2,11041
-2,12940
-2,11730
-2,12787
10660,5270
11785,13114
-2,11321
-2,13037
-2,11744
10519,744
-2,9920
-2,11777
9114,5270
-2,11071
-2,12597
-2,10819
-2,11373
-2,10470
-2,12593
-2,9795
-2,11609
-2,12194
-2,13154
-2,12193
-2,11370
-2,11310
12622,12472
-2,11894
-2,12809
-2,12679
-2,10317
-2,12686
-2,12184
-2,10312
-2,11275
-2,12139
-2,12270
-2,10371
-2,12984
-2,13044
-2,9862
-2,11112
-2,12530
-2,11130
-2,12606
-2,10039
-2,11284
-2,12735
-2,13004
-2,12151
-2,12006
-2,9885
-2,10283
-2,11332
-2,12405
-2,11748
-2,12602
-2,13099
-2,9813
-2,11067
-2,11044
-2,13076
-2,12870
-2,11766
-2,12418
-2,12462
-2,11753
11078,11652
9411,11652
-2,10218
-2,12359
-2,10717
-2,10578
-2,10678
-2,9774
-2,10990
-2,12986
-2,11666
-2,12223
-2,12179
-2,12610
-2,10222
-2,12141
-2,12375
-2,9999
-2,12707
-2,12104
-2,13147
-2,10871
6419,11652
-2,11625
-2,12983
-2,11782
-2,10071
-2,12650
-2,11856
-2,11544
-2,10693
10911,744
-2,13106
-2,12881
-2,11221
-2,10734
-2,10051
-2,10860
-2,12871
-2,12044
-2,13210
-2,10595
-2,10446
-2,10600
-2,9820
-2,9964
-2,11108
-2,11529
-2,10090
-2,12518
-2,10573
-2,9788
-2,11760
-2,10077
-2,11438
-2,9859
-2,11645
-2,10782
-2,11959
-2,12664
-2,10727
-2,11996
-2,13036
-2,10068
-2,13222
-2,11679
-2,12697
-2,13011
-2,10501
-2,11434
-2,10209
-2,10800
-2,11954
-2,12925
-2,10675
-2,10504
-2,10210
10209,10625
-2,11444
-2,10793
-2,10184
-2,10891
-2,11307
9883,5270
-2,10316
-2,12857
-2,10510
-2,11834
-2,12218
-2,12393
-2,9973
-2,10840
-2,12335
10563,5270
-2,11289
-2,12213
-2,10066
-2,10033
-2,10432
-2,11296
-2,11611
-2,11862
-2,11258
-2,11015
-2,12619
-2,10596
-2,12534
-2,10564
-2,11864
-2,11327
-2,12260
-2,11115
-2,11003
-2,10208
-2,12962
-2,11594
11788,744
-2,11783
-2,11729
-2,11694
-2,12358
-2,9989
-2,13131
-2,13092
-2,10284
-2,12477
-2,11967
-2,10396
-2,11193
-2,12095
-2,11269
-2,13149
-2,12330
-2,11330
-2,12823
-2,12355
10629,744
-2,13128
-2,13133
-2,12026
-2,12320
-2,12566
-2,11915
-2,11198
-2,10616
-2,10145
-2,10121
-2,12138
-2,12164
9841,744
-2,12082
-2,13017
-2,13115
-2,10058
-2,10912
-2,10297
-2,10325
-2,10845
-2,10864
-2,11040
-2,10201
-2,11368
-2,12145
-2,11917
-2,12682
-2,11365
-2,10958
-2,9781
-2,12452
-2,12899
-2,11930
-2,12100
-2,12431
-2,12549
-2,10315
-2,11584
-2,10164
-2,13136
-2,10103
-2,10592
11214,11453
-2,10330
-2,10233
-2,11425
-2,10934
-2,9778
-2,11245
-2,12092
-2,10031
-2,10940
9200,5270
-2,10335
-2,11226
-2,12187
-2,12437
-2,11663
-2,11020
-2,11849
-2,10997
-2,11934
-2,12843
-2,10144
-2,10482
-2,10577
-2,12068
-2,12201
-2,10122
-2,13178
-2,12037
-2,10135
9641,744
-2,9963
-2,12169
-2,10695
-2,9784
-2,11750
-2,9856
-2,12710
-2,11727
-2,12557
-2,10927
-2,13085
11475,11652
-2,12668
-2,11620
11989,11989
-2,12654
-2,13055
-2,12649
-2,12607
-2,11360
-2,10629
-2,12861
-2,12254
-2,11821
-2,10938
-2,11973
-2,10661
-2,13060
-2,12815
-2,11689
-2,12723
-2,10820
-2,9979
-2,11618
-2,12796
-2,11161
-2,10202
-2,10149
12184,744
-2,10619
-2,10110
-2,13163
-2,12783
-2,11935
-2,10082
-2,12691
-2,11626
-2,12351
-2,12976
-2,11708
-2,10815
-2,11124
-2,11180
-2,11549
-2,10589
-2,10586
-2,11167
-2,12180
-2,12764
-2,10351
-2,10406
-2,12754
-2,10414
-2,11450
-2,12301
-2,11586
-2,12124
-2,12511
-2,10777
-2,10875
-2,11163
-2,12632
-2,12271
9518,11652
-2,11237
-2,10206
-2,12639
-2,11547
-2,11240
-2,12879
-2,12891
-2,12677
-2,11384
-2,11542
-2,9825
-2,12460
-2,10707
-2,11113
-2,11194
-2,11558
-2,10119
-2,9807
-2,10014
8995,10768
-2,10524
-2,12062
-2,12688
-2,10514
-2,10824
-2,11411
-2,11886
-2,11971
-2,12647
-2,9953
-2,12263
-2,10047
-2,12343
-2,12675
-2,10086
-2,12239
-2,11011
-2,11449
-2,11487
9521,11652
-2,10459
-2,11028
-2,12481
-2,10178
-2,11128
-2,10207
-2,11421
-2,12644
-2,13181
-2,11926
-2,11614
-2,11607
-2,9799
-2,11341
-2,12400
-2,10378
-2,11577
-2,12523
-2,10040
-2,12883
-2,12887
-2,13001
-2,11166
-2,10282
-2,11697
-2,12942
-2,10360
-2,10537
-2,11640
-2,12117
-2,10248
-2,9952
-2,11523
-2,11420
-2,11688
-2,12404
-2,12960
-2,12636
-2,12863
-2,12005
-2,11456
-2,12451
-2,13206
-2,11761
-2,13124
-2,11998
-2,12624
-2,13143
9566,744
-2,9805
-2,12297
-2,11680
-2,11214
-2,12538
-2,12569
-2,12932
-2,11615
-2,11290
11862,13114
-2,10787
-2,12529
-2,11178
-2,11673
-2,12479
-2,12687
-2,10279
-2,12250
-2,12226
-2,12318
-2,11945
-2,10565
-2,10021
-2,12982
-2,12661
-2,11587
-2,11279
-2,12622
-2,11816
-2,12381
-2,11635
9773,5270
-2,11949
-2,11788
-2,10005
-2,11125
-2,10836
-2,11787
-2,10508
-2,12568
-2,10017
-2,11906
-2,11271
-2,10427
-2,10495
-2,11423
-2,12282
-2,12202
-2,11239
-2,10362
-2,10442
-2,12476
-2,10545
-2,9871
-2,11735
-2,12390
-2,11832
-2,10831
-2,10827
-2,11412
-2,10404
-2,10996
-2,11940
-2,12916
-2,12600
-2,10829
-2,11988
-2,11867
-2,12380
-2,11929
-2,10687
-2,12659
-2,12921
-2,10221
-2,11522
-2,10725
-2,12302
-2,11451
-2,10623
-2,10987
-2,12057
-2,11669
-2,12386
-2,10904
-2,11989
-2,9891
-2,10681
-2,10705
-2,10455
-2,12438
-2,13116
-2,12471
-2,13031
-2,11651
-2,11468
-2,12614
-2,9835
-2,9890
-2,11664
-2,12604
-2,10452
-2,12550
-2,11899
-2,10361
-2,11241
-2,11885
12037,5270
-2,10609
-2,10488
-2,10823
-2,12521
10988,11652
-2,11572
-2,11151
-2,12589
-2,9892
-2,12922
-2,12447
-2,12715
-2,12615
9760,744
-2,11842
-2,12515
-2,11299
-2,9951
-2,11123
-2,11715
-2,10694
-2,10080
-2,10502
-2,10591
9297,5270
-2,11470
-2,12911
-2,12825
-2,11931
-2,12472
-2,12078
-2,12384
-2,12175
-2,11833
-2,10859
-2,10533
-2,9868
-2,10242
-2,11080
-2,13051
-2,10069
-2,12077
-2,10128
-2,12038
-2,12052
-2,11624
-2,11012
-2,11363
-2,12954
-2,11551
-2,10490
-2,13140
-2,10274
-2,12114
-2,9913
-2,10728
-2,10256
-2,13022
-2,10259
-2,12088
-2,10527
-2,9984
-2,10622
-2,12241
-2,10013
10414,744
-2,9935
-2,11201
-2,11633
11947,5270
12181,5270
-2,12463
-2,10158
-2,12907
-2,12191
-2,9942
-2,10535
-2,11264
-2,13193
-2,12888
-2,11232
-2,10431
-2,11888
-2,10191
-2,10555
-2,10818
-2,12846
-2,12609
-2,11376
-2,12269
-2,9876
-2,9853
-2,12693
-2,10655
-2,9918
-2,10435
-2,10745
-2,13117
-2,10273
-2,11751
-2,10561
-2,10311
-2,10579
-2,10067
-2,12701
-2,11053
-2,10460
-2,11410
-2,11372
-2,10747
-2,12834
-2,9907
-2,13104
-2,12744
-2,10491
9863,744
-2,10711
-2,13009
-2,11158
-2,9865
-2,10147
-2,11348
-2,11693
-2,11827
-2,13155
-2,10214
-2,9829
-2,12125
-2,12928
10625,5270
-2,11159
-2,10483
-2,12231
-2,13058
6824,11652
-2,12238
-2,9916
-2,10476
-2,12132
-2,10962
-2,12206
-2,11684
-2,12579
-2,12953
-2,10670
-2,10511
-2,9927
-2,11427
7520,11652
-2,11345
-2,12890
-2,10393
-2,11062
-2,12749
-2,10220
-2,10076
-2,10526
-2,10499
-2,11969
-2,13103
-2,12089
-2,12684
-2,12007
-2,10236
-2,12782
-2,13119
-2,11134
-2,11789
-2,10720
12723,12472
-2,10022
-2,12290
-2,11883
-2,12877
-2,11105
-2,12948
-2,11537
-2,12527
-2,9985
-2,10399
-2,12170
-2,12520
-2,12950
-2,12516
-2,10833
-2,11580
-2,11346
-2,13159
-2,11085
-2,12325
-2,11001
-2,11556
-2,10898
-2,9917
-2,13107
-2,12245
-2,12768
9924,744
-2,12127
-2,12227
-2,12790
-2,12492
-2,10123
9829,10768
-2,12623
-2,10885
-2,11528
-2,12914
-2,12562
12225,744
-2,11145
-2,13156
-2,11424
-2,13091
-2,10139
-2,10025
-2,12350
-2,12889
-2,12209
-2,9878
-2,13168
-2,13195
-2,12949
-2,12734
-2,11050
-2,13158
-2,11719
-2,9777
-2,11724
-2,10696
-2,12303
-2,10521
-2,10332
-2,10445
-2,12183
-2,11564
-2,10790
-2,12097
-2,9802
7593,11652
-2,11495
-2,13180
10891,5270
-2,13081
-2,10528
12403,13114
-2,10463
-2,10173
-2,11928
-2,11677
-2,11225
-2,12801
-2,10153
-2,9914
-2,12959
-2,11942
-2,12771
-2,12305
-2,10760
11765,13114
-2,10605
-2,11678
-2,10379
-2,12708
10032,744
9834,744
-2,11892
-2,10895
-2,9834
-2,11490
-2,12345
-2,11364
-2,10409
-2,11272
-2,12621
-2,12135
-2,12407
-2,10702
-2,11603
-2,9905
-2,9960
-2,11205
-2,12152
-2,10665
-2,11500
-2,10649
-2,10873
-2,10015
12175,744
11815,744
-2,11131
10033,744
-2,11106
-2,10846
-2,10988
-2,12136
-2,11448
-2,10049
-2,12854
-2,10436
-2,10559
-2,12430
-2,12324
-2,12807
-2,11658
-2,12051
11933,744
-2,10697
-2,11335
-2,11070
-2,13073
-2,11474
-2,9972
-2,12676
-2,12372
-2,11358
-2,12839
-2,12508
-2,9947
-2,11482
-2,11443
-2,12748
-2,11720
-2,11280
-2,10631
-2,10410
-2,11676
-2,11197
-2,11704
-2,12586
-2,12074
-2,11749
-2,12964
-2,9860
-2,10423
-2,11591
-2,11389
5377,11467
-2,12267
-2,11471
-2,10843
-2,9769
-2,11122
-2,12426
-2,13165
-2,11204
-2,11596
-2,12832
-2,11815
-2,10294
11453,11467
-2,10554
-2,9783
-2,12858
-2,13223
-2,12317
-2,11881
10434,744
-2,10402
-2,11590
-2,10262
-2,11004
-2,9832
-2,10766
-2,11597
-2,10749
-2,10644
