,0,1
0,-2,12474
1,-2,10691
2,-2,10290
3,-2,11549
4,-2,12480
5,-2,11908
6,-2,12698
7,-2,12676
8,-2,12578
9,-2,10822
10,-2,11669
11,-2,13136
12,-2,12681
13,-2,12329
14,-2,10465
15,-2,11221
16,-2,12517
17,-2,9941
18,-2,11275
19,-2,12498
20,-2,12618
21,-2,11017
22,-2,10780
23,-2,10007
24,-2,12925
25,-2,10996
26,-2,11650
27,-2,10534
28,-2,10942
29,-2,10545
30,-2,10351
31,-2,12864
32,-2,11208
33,-2,12029
34,-2,12441
35,-2,12130
36,-2,11310
37,-2,12592
38,-2,10482
39,-2,13032
40,-2,12656
41,-2,11158
42,-2,10985
43,-2,11654
44,-2,10047
45,-2,12056
46,-2,9872
47,-2,10631
48,-2,10315
49,11652,9371
50,-2,11878
51,-2,12335
52,-2,11246
53,-2,12096
54,-2,10856
55,-2,9879
56,-2,9790
57,-2,11160
58,-2,12101
59,-2,11688
60,-2,10577
61,-2,10003
62,-2,10246
63,-2,10347
64,-2,12829
65,-2,9863
66,-2,10673
67,-2,12413
68,-2,11637
69,-2,12302
70,-2,11469
71,-2,12797
72,-2,11764
73,-2,10420
74,-2,11952
75,-2,10021
76,-2,11820
77,-2,11004
78,-2,11822
79,-2,12543
80,-2,13167
81,-2,12952
82,-2,11099
83,-2,11632
84,-2,12974
85,11652,9096
86,-2,11292
87,-2,12620
88,-2,10680
89,-2,12211
90,-2,13122
91,-2,10032
92,-2,11511
93,-2,12679
94,-2,11023
95,-2,12113
96,-2,12721
97,-2,11173
98,-2,13123
99,-2,10580
100,-2,13198
101,-2,12816
102,-2,11802
103,-2,10643
104,-2,12136
105,-2,13105
106,11652,8974
107,-2,11012
108,-2,11753
109,11951,744
110,-2,11996
111,-2,13097
112,-2,11024
113,-2,11608
114,-2,10937
115,-2,11600
116,-2,9874
117,-2,11468
118,-2,12604
119,-2,11813
120,-2,11163
121,-2,10073
122,-2,13010
123,-2,10690
124,-2,11951
125,-2,11801
126,-2,11617
127,-2,9955
128,-2,11582
129,-2,9968
130,-2,12559
131,-2,9843
132,-2,11578
133,-2,11704
134,-2,12928
135,-2,10548
136,10768,9036
137,-2,9918
138,-2,11414
139,-2,11773
140,-2,9791
141,-2,9818
142,-2,10663
143,-2,13068
144,-2,10568
145,-2,10934
146,-2,11279
147,-2,9812
148,-2,10522
149,-2,11849
150,-2,12960
151,-2,13051
152,-2,12690
153,-2,11253
154,-2,11010
155,-2,11811
156,-2,12080
157,-2,10160
158,-2,10669
159,-2,12183
160,-2,9893
161,-2,12414
162,-2,12446
163,744,10213
164,-2,12031
165,-2,11646
166,-2,11883
167,744,10790
168,-2,11232
169,-2,12649
170,-2,13000
171,-2,11171
172,13114,12980
173,5270,9773
174,-2,10670
175,-2,13163
176,-2,10775
177,-2,10167
178,-2,9868
179,-2,12768
180,-2,12212
181,-2,11087
182,-2,10672
183,-2,12008
184,-2,10998
185,-2,13012
186,-2,12041
187,-2,11142
188,-2,10447
189,-2,11995
190,-2,11782
191,-2,11492
192,-2,10912
193,-2,11131
194,-2,12921
195,-2,9878
196,-2,11527
197,-2,10607
198,-2,11596
199,-2,11634
200,-2,11344
201,-2,10410
202,-2,12117
203,-2,10773
204,-2,9916
205,-2,12754
206,-2,12125
207,-2,13073
208,-2,12206
209,-2,10409
210,-2,11643
211,-2,10458
212,-2,11288
213,-2,13059
214,-2,11473
215,-2,11787
216,-2,9887
217,-2,11929
218,-2,13080
219,744,12554
220,-2,10974
221,-2,10406
222,-2,10213
223,-2,11645
224,-2,10063
225,-2,10997
226,-2,10342
227,-2,11081
228,-2,10567
229,-2,12570
230,-2,10024
231,-2,11441
232,744,10801
233,-2,10762
234,-2,11553
235,-2,12407
236,-2,10914
237,-2,12004
238,-2,12539
239,-2,11328
240,-2,10394
241,-2,9840
242,-2,10718
243,-2,12935
244,-2,12391
245,-2,12962
246,-2,12179
247,-2,11997
248,-2,9848
249,-2,9946
250,-2,11116
251,5270,11952
252,-2,11664
253,-2,11394
254,-2,10125
255,-2,10935
256,-2,11804
257,-2,10152
258,-2,10296
259,-2,11409
260,-2,10648
261,-2,10556
262,13114,12017
263,-2,11006
264,-2,11853
265,-2,12348
266,-2,10877
267,-2,12924
268,-2,11483
269,-2,13154
270,-2,11097
271,-2,11281
272,-2,11332
273,-2,12891
274,-2,9913
275,-2,11110
276,-2,10025
277,-2,10078
278,13114,11785
279,-2,11844
280,-2,12099
281,-2,11692
282,-2,11595
283,-2,13014
284,-2,10189
285,-2,10950
286,-2,10105
287,-2,11350
288,-2,10224
289,-2,13223
290,-2,12769
291,-2,11417
292,-2,10444
293,-2,9917
294,-2,10820
295,-2,11622
296,-2,12256
297,-2,12233
298,-2,10333
299,-2,10443
300,-2,10962
301,-2,12753
302,-2,10848
303,11652,7376
304,-2,13148
305,-2,12643
306,-2,12639
307,-2,12102
308,13114,12313
309,-2,11725
310,-2,10162
311,-2,12631
312,-2,12660
313,744,9630
314,-2,10148
315,-2,9780
316,-2,10630
317,-2,11624
318,-2,10263
319,-2,12174
320,-2,12342
321,-2,12757
322,-2,12914
323,744,12246
324,744,9396
325,-2,12762
326,10768,10161
327,-2,12710
328,-2,12907
329,-2,10161
330,-2,10792
331,-2,10272
332,-2,12581
333,-2,13002
334,-2,13120
335,-2,12747
336,-2,10977
337,-2,11732
338,-2,10843
339,5270,9526
340,-2,13046
341,-2,10064
342,-2,9886
343,-2,10355
344,-2,10575
345,-2,11313
346,-2,10192
347,-2,9823
348,-2,13110
349,-2,12736
350,-2,10084
351,-2,12115
352,-2,12431
353,-2,12309
354,-2,11719
355,-2,12665
356,-2,10967
357,-2,12320
358,-2,9766
359,5270,10611
360,-2,11114
361,-2,12051
362,-2,13159
363,-2,10940
364,-2,12873
365,-2,12436
366,-2,10640
367,-2,13189
368,-2,10754
369,-2,11029
370,-2,12119
371,-2,11076
372,-2,12881
373,-2,11562
374,-2,13216
375,-2,10049
376,-2,9883
377,11933,744
378,-2,11770
379,-2,13106
380,-2,12700
381,-2,11284
382,12472,12472
383,11652,8253
384,-2,10179
385,-2,10626
386,-2,12185
387,-2,12778
388,-2,11129
389,-2,11245
390,-2,13071
391,-2,10612
392,-2,12106
393,-2,10511
394,-2,12086
395,-2,10806
396,11947,5270
397,-2,11376
398,744,12556
399,-2,12394
400,-2,10968
401,-2,11971
402,-2,12469
403,-2,13146
404,11403,11403
405,-2,12587
406,-2,11788
407,-2,11779
408,-2,11651
409,-2,11094
410,-2,12794
411,-2,13037
412,-2,10621
413,-2,10907
414,-2,12669
415,-2,10987
416,-2,11365
417,-2,9890
418,-2,11589
419,-2,10666
420,-2,9762
421,-2,11738
422,-2,12467
423,-2,11175
424,-2,12585
425,-2,10209
426,-2,11495
427,-2,11721
428,-2,12484
429,744,10775
430,-2,10390
431,-2,12626
432,-2,11088
433,-2,12583
434,5270,10568
435,-2,11411
436,-2,10493
437,-2,13034
438,-2,12397
439,-2,10318
440,-2,10867
441,-2,12132
442,-2,13082
443,-2,10603
444,-2,13070
445,-2,12868
446,-2,11096
447,-2,9862
448,-2,9763
449,-2,13169
450,-2,12190
451,-2,12704
452,-2,11243
453,-2,10499
454,-2,10163
455,-2,11482
456,-2,11591
457,-2,13199
458,-2,12429
459,-2,9814
460,-2,12540
461,-2,11055
462,-2,10508
463,-2,11367
464,-2,10954
465,-2,12226
466,-2,11271
467,-2,12171
468,-2,10840
469,-2,10758
470,-2,10898
471,11652,10612
472,-2,13205
473,-2,11048
474,-2,11396
475,-2,10633
476,-2,12743
477,-2,10821
478,-2,11602
479,-2,11879
480,-2,10196
481,-2,12378
482,-2,12986
483,-2,12853
484,-2,10737
485,-2,9985
486,-2,12465
487,-2,9802
488,-2,11084
489,-2,12939
490,-2,12956
491,-2,9924
492,-2,12040
493,-2,9984
494,-2,11340
495,-2,9773
496,11652,9833
497,-2,12235
498,-2,12684
499,-2,13211
500,-2,11112
501,-2,10620
502,-2,13196
503,-2,12114
504,-2,13103
505,-2,10727
506,5270,9297
507,-2,11758
508,-2,11567
509,-2,11746
510,-2,12529
511,-2,10955
512,-2,12602
513,-2,10094
514,-2,10993
515,-2,12513
516,-2,11255
517,-2,11869
518,-2,11320
519,-2,10393
520,-2,12999
521,-2,10601
522,-2,12910
523,-2,9898
524,-2,10418
525,-2,12831
526,-2,12281
527,-2,10370
528,-2,11223
529,-2,11547
530,-2,11889
531,-2,12623
532,-2,12468
533,744,11943
534,11652,11129
535,-2,10382
536,-2,12087
537,-2,12450
538,-2,10853
539,-2,11592
540,-2,9771
541,-2,10759
542,-2,10464
543,-2,12922
544,-2,10460
545,-2,12430
546,-2,11584
547,-2,11569
548,-2,11542
549,-2,10335
550,-2,13137
551,-2,11594
552,-2,12937
553,-2,12915
554,-2,11086
555,-2,12434
556,-2,10725
557,-2,11089
558,-2,10881
559,-2,12982
560,-2,11913
561,-2,12727
562,-2,12043
563,-2,10175
564,-2,11280
565,-2,12809
566,-2,9977
567,-2,11566
568,-2,10250
569,-2,10749
570,-2,9834
571,-2,10470
572,-2,12856
573,-2,12551
574,-2,10212
575,-2,12855
576,-2,10665
577,-2,10535
578,-2,11009
579,-2,10303
580,-2,10421
581,-2,11500
582,-2,11152
583,-2,10260
584,-2,10279
585,-2,12584
586,-2,12708
587,-2,11850
588,-2,11026
589,-2,10429
590,-2,12054
591,-2,13021
592,-2,12485
593,-2,11050
594,-2,10530
595,-2,11227
596,-2,10283
597,-2,10713
598,-2,10874
599,-2,10704
600,-2,11293
601,-2,10186
602,-2,11329
603,-2,10145
604,-2,11712
605,-2,11580
606,744,10833
607,-2,11767
608,-2,11218
609,-2,12781
610,-2,10154
611,-2,12819
612,-2,13131
613,-2,11962
614,-2,10823
615,5270,9785
616,-2,10980
617,-2,12838
618,-2,10419
619,-2,12597
620,-2,10456
621,-2,11174
622,-2,13091
623,-2,10801
624,-2,11937
625,-2,11627
626,-2,11153
627,-2,11827
628,-2,12333
629,-2,11750
630,-2,10126
631,-2,12355
632,-2,10325
633,-2,12882
634,-2,9788
635,-2,10525
636,-2,10172
637,-2,12049
638,-2,11912
639,-2,11418
640,-2,12085
641,-2,11946
642,-2,10509
643,-2,12647
644,-2,10879
645,-2,12958
646,-2,13180
647,-2,10449
648,-2,12537
649,-2,13098
650,-2,11361
651,-2,12034
652,-2,11148
653,-2,11694
654,-2,11032
655,-2,12153
656,-2,10730
657,-2,11336
658,-2,12972
659,-2,13218
660,-2,10871
661,-2,11352
662,-2,11471
663,-2,10880
664,-2,10683
665,-2,11121
666,-2,11354
667,744,9781
668,-2,12330
669,-2,12379
670,-2,12296
671,11652,8182
672,-2,10424
673,-2,13135
674,-2,10939
675,-2,11074
676,-2,12359
677,-2,12372
678,-2,11485
679,-2,11093
680,13114,12978
681,744,10475
682,-2,10121
683,-2,11314
684,-2,12900
685,-2,12319
686,-2,11322
687,-2,12459
688,-2,11257
689,744,9363
690,-2,11810
691,-2,10092
692,-2,10716
693,-2,10140
694,11652,7234
695,-2,11875
696,-2,12803
697,10768,9829
698,-2,11184
699,-2,11865
700,-2,11701
701,-2,10524
702,-2,12675
703,-2,12240
704,-2,12279
705,-2,12694
706,10625,10386
707,-2,12893
708,-2,12410
709,-2,12751
710,-2,13092
711,-2,12042
712,-2,11507
713,744,12581
714,-2,12120
715,-2,12060
716,-2,11478
717,-2,11531
718,-2,13200
719,-2,13202
720,-2,10910
721,-2,10627
722,-2,11987
723,-2,11025
724,-2,10267
725,-2,12311
726,-2,12567
727,-2,11934
728,-2,12250
729,-2,11905
730,-2,11238
731,-2,12109
732,-2,11122
733,-2,10071
734,-2,12293
735,-2,11606
736,-2,13152
737,-2,9820
738,-2,12606
739,-2,10245
740,-2,10403
741,-2,11138
742,-2,11371
743,-2,11435
744,744,9574
745,5270,12037
746,-2,10824
747,-2,12673
748,-2,11451
749,-2,12110
750,-2,10726
751,-2,12880
752,-2,10703
753,-2,9931
754,-2,12072
755,-2,9908
756,-2,10529
757,-2,9767
758,-2,10724
759,-2,10890
760,-2,12993
761,-2,10859
762,-2,11818
763,-2,10497
764,-2,12384
765,-2,11399
766,744,10351
767,-2,11263
768,-2,12176
769,-2,10324
770,-2,12732
771,-2,11564
772,-2,10936
773,-2,11234
774,-2,10723
775,-2,11098
776,-2,12773
777,-2,10895
778,-2,12944
779,10768,8995
780,-2,11936
781,-2,10042
782,-2,13101
783,-2,12294
784,-2,12715
785,-2,13011
786,-2,11063
787,-2,9986
788,-2,12836
789,-2,10706
790,-2,10610
791,-2,10149
792,-2,9881
793,-2,12828
794,-2,10789
795,-2,13008
796,-2,12044
797,11652,9418
798,-2,11513
799,-2,11285
800,-2,9816
801,-2,12716
802,-2,12719
803,-2,11765
804,-2,11984
805,-2,12088
806,-2,11935
807,-2,10227
808,-2,12261
809,-2,11737
810,-2,11915
811,-2,12350
812,-2,12912
813,-2,11563
814,-2,12789
815,-2,10593
816,-2,13104
817,-2,10959
818,-2,12143
819,-2,12705
820,-2,10322
821,-2,10455
822,-2,11449
823,-2,12735
824,11652,10035
825,-2,12851
826,-2,12263
827,-2,11111
828,-2,11561
829,-2,10891
830,-2,12724
831,-2,12932
832,-2,13127
833,-2,11514
834,-2,10451
835,-2,13013
836,-2,12092
837,744,9924
838,-2,12404
839,-2,11090
840,-2,9981
841,-2,11212
842,-2,10746
843,-2,10538
844,-2,12285
845,-2,11959
846,-2,11968
847,-2,9805
848,-2,10655
849,-2,10854
850,-2,12948
851,-2,13006
852,-2,11198
853,-2,12197
854,-2,10259
855,-2,10013
856,-2,11341
857,-2,11774
858,744,9942
859,-2,9842
860,-2,11214
861,-2,11906
862,-2,9807
863,-2,11487
864,-2,10327
865,-2,12791
866,-2,11812
867,-2,13191
868,-2,12814
869,-2,10453
870,-2,13036
871,-2,10501
872,-2,11018
873,-2,12871
874,-2,11315
875,-2,10128
876,744,11734
877,-2,11973
878,-2,12899
879,-2,11978
880,-2,10481
881,-2,9781
882,-2,12165
883,-2,11751
884,11652,10509
885,-2,10244
886,-2,12104
887,-2,12396
888,-2,13083
889,-2,13183
890,-2,12314
891,-2,12387
892,-2,12564
893,-2,12820
894,-2,10579
895,-2,10253
896,-2,11062
897,11652,7749
898,-2,12151
899,-2,12571
900,-2,11990
901,-2,13186
902,-2,10022
903,744,9922
904,-2,13047
905,-2,12252
906,-2,12345
907,-2,10265
908,-2,12994
909,-2,10772
910,-2,10765
911,-2,11874
912,-2,9978
913,-2,11375
914,-2,13029
915,-2,10031
916,-2,10537
917,-2,10396
918,-2,10814
919,-2,12784
920,-2,10767
921,-2,11239
922,-2,11106
923,-2,12408
924,-2,9783
925,-2,12249
926,-2,10517
927,-2,11273
928,-2,11022
929,-2,12135
930,-2,11434
931,-2,11334
932,-2,11851
933,-2,11060
934,-2,10414
935,-2,10188
936,-2,11115
937,-2,12460
938,-2,10695
939,-2,12657
940,-2,12458
941,-2,9903
942,-2,12975
943,-2,10306
944,-2,10632
945,-2,13213
946,-2,10660
947,-2,11309
948,-2,11159
949,-2,11420
950,-2,13086
951,-2,12730
952,-2,11393
953,-2,11560
954,-2,13093
955,-2,10657
956,-2,10995
957,-2,10416
958,-2,12038
959,-2,11714
960,-2,9987
961,-2,10014
962,-2,12890
963,-2,11064
964,-2,10678
965,744,12225
966,5270,12159
967,744,9578
968,-2,13118
969,-2,11519
970,12472,12622
971,-2,10550
972,-2,12519
973,-2,12339
974,-2,12546
975,-2,11816
976,-2,13050
977,-2,10237
978,-2,12454
979,-2,13018
980,-2,12036
981,-2,12162
982,-2,10208
983,-2,13007
984,-2,12942
985,744,10954
986,-2,10124
987,-2,9778
988,-2,12874
989,-2,12642
990,-2,10241
991,10722,10849
992,744,10094
993,-2,12991
994,-2,11019
995,-2,11956
996,-2,9847
997,-2,10731
998,-2,10562
999,-2,11045
1000,-2,13069
1001,-2,10302
1002,-2,11182
1003,-2,11323
1004,-2,11108
1005,-2,10896
1006,-2,12033
1007,-2,11854
1008,-2,9855
1009,-2,13107
1010,-2,12572
1011,-2,11462
1012,-2,12299
1013,-2,10565
1014,12472,11785
1015,-2,10350
1016,-2,10037
1017,-2,10276
1018,744,10033
1019,-2,12902
1020,-2,12400
1021,-2,11369
1022,-2,10301
1023,-2,12477
1024,-2,12662
1025,-2,10015
1026,-2,12069
1027,-2,12655
1028,-2,10211
1029,744,10629
1030,-2,12777
1031,-2,10702
1032,11652,8738
1033,-2,11428
1034,-2,10292
1035,-2,11988
1036,-2,12009
1037,-2,11172
1038,-2,12181
1039,-2,10527
1040,-2,11663
1041,-2,10366
1042,-2,11477
1043,-2,10475
1044,-2,10988
1045,-2,11505
1046,-2,10513
1047,744,10578
1048,-2,11362
1049,-2,12027
1050,-2,10829
1051,744,9913
1052,-2,13065
1053,-2,11410
1054,744,10052
1055,-2,11558
1056,-2,11220
1057,-2,12783
1058,-2,12541
1059,5270,9251
1060,-2,10574
1061,-2,11868
1062,-2,12843
1063,-2,10033
1064,-2,10641
1065,-2,13030
1066,-2,13192
1067,11652,6419
1068,-2,10210
1069,-2,10542
1070,-2,10536
1071,-2,10813
1072,-2,12205
1073,-2,11448
1074,-2,9885
1075,-2,11871
1076,-2,13027
1077,-2,10294
1078,-2,12920
1079,11652,6488
1080,-2,12659
1081,-2,10554
1082,-2,10046
1083,-2,12632
1084,-2,11772
1085,-2,10830
1086,11652,6633
1087,-2,9901
1088,-2,11199
1089,744,10414
1090,-2,10058
1091,-2,10057
1092,-2,10498
1093,-2,11940
1094,-2,12883
1095,-2,9775
1096,-2,11572
1097,-2,10794
1098,-2,10928
1099,-2,10130
1100,-2,11061
1101,-2,11463
1102,-2,12834
1103,-2,11861
1104,-2,11661
1105,-2,12464
1106,-2,12398
1107,-2,12024
1108,-2,13038
1109,-2,11796
1110,-2,11397
1111,10625,10467
1112,-2,13109
1113,-2,12083
1114,-2,10045
1115,-2,11546
1116,-2,11944
1117,-2,11537
1118,-2,11967
1119,-2,12563
1120,-2,11389
1121,-2,10930
1122,-2,10964
1123,-2,13212
1124,-2,11181
1125,-2,11870
1126,-2,9859
1127,-2,10781
1128,-2,10220
1129,-2,11749
1130,-2,9761
1131,-2,10766
1132,13114,12472
1133,-2,12122
1134,-2,11957
1135,-2,13020
1136,-2,12926
1137,-2,13188
1138,-2,11603
1139,-2,13055
1140,-2,10001
1141,-2,12395
1142,-2,9982
1143,-2,12549
1144,-2,10972
1145,-2,9912
1146,-2,10540
1147,-2,12116
1148,-2,11489
1149,13114,12091
1150,-2,12685
1151,-2,11829
1152,-2,12368
1153,-2,11189
1154,5270,9720
1155,12472,12980
1156,-2,12594
1157,-2,12137
1158,-2,13171
1159,-2,12126
1160,-2,12591
1161,-2,12161
1162,-2,11250
1163,-2,9839
1164,-2,10423
1165,-2,12850
1166,-2,10337
1167,-2,10100
1168,-2,10338
1169,-2,11794
1170,-2,13197
1171,-2,9909
1172,-2,11359
1173,-2,13017
1174,-2,12894
1175,-2,10492
1176,-2,10701
1177,-2,12231
1178,-2,12763
1179,-2,13177
1180,-2,11360
1181,-2,13164
1182,-2,10973
1183,-2,12989
1184,-2,11444
1185,-2,11080
1186,-2,10692
1187,-2,11619
1188,-2,12438
1189,-2,10388
1190,-2,11100
1191,-2,12486
1192,-2,12284
1193,-2,10496
1194,-2,11605
1195,-2,10174
1196,-2,11165
1197,-2,10684
1198,-2,12303
1199,-2,11676
1200,-2,11262
1201,744,9910
1202,-2,10332
1203,-2,10564
1204,-2,10484
1205,-2,12481
1206,-2,13214
1207,-2,10170
1208,-2,11355
1209,-2,11339
1210,-2,11127
1211,-2,11433
1212,-2,10699
1213,-2,13087
1214,-2,11677
1215,-2,12025
1216,-2,10005
1217,-2,11144
1218,-2,12274
1219,-2,11330
1220,-2,11372
1221,-2,12909
1222,-2,12638
1223,5270,9496
1224,-2,11035
1225,-2,10269
1226,-2,9851
1227,-2,10539
1228,11652,11078
1229,-2,11307
1230,-2,11296
1231,-2,10137
1232,-2,12260
1233,-2,11903
1234,-2,11083
1235,-2,9966
1236,-2,10099
1237,-2,9892
1238,-2,11304
1239,-2,10243
1240,-2,11472
1241,-2,10144
1242,-2,11689
1243,-2,12530
1244,10625,10092
1245,-2,10553
1246,-2,10176
1247,-2,10300
1248,-2,10979
1249,-2,13195
1250,-2,13203
1251,-2,12267
1252,-2,10957
1253,-2,11137
1254,-2,11464
1255,-2,10216
1256,-2,10916
1257,-2,9873
1258,-2,9830
1259,-2,12376
1260,-2,9806
1261,-2,11303
1262,-2,12495
1263,-2,11079
1264,-2,10639
1265,-2,11943
1266,-2,9784
1267,-2,12683
1268,-2,12672
1269,-2,12692
1270,-2,10400
1271,-2,12282
1272,-2,11481
1273,-2,12014
1274,-2,11331
1275,-2,11402
1276,-2,12718
1277,-2,12026
1278,-2,10472
1279,-2,12175
1280,-2,10353
1281,-2,10362
1282,-2,11771
1283,-2,11640
1284,-2,10658
1285,-2,12160
1286,-2,13149
1287,-2,10221
1288,-2,13153
1289,-2,12415
1290,-2,12251
1291,-2,12550
1292,744,9959
1293,-2,10027
1294,-2,11655
1295,-2,10528
1296,-2,13130
1297,-2,10215
1298,-2,11660
1299,-2,13015
1300,-2,9833
1301,-2,11897
1302,744,10264
1303,-2,12324
1304,12472,12723
1305,-2,12215
1306,11214,11214
1307,-2,11711
1308,-2,12401
1309,-2,10020
1310,-2,10433
1311,-2,9961
1312,-2,11630
1313,-2,12159
1314,-2,12918
1315,-2,13221
1316,-2,10261
1317,-2,10870
1318,-2,10826
1319,-2,11429
1320,-2,11754
1321,-2,10850
1322,-2,12796
1323,-2,12938
1324,-2,9920
1325,-2,11474
1326,-2,10971
1327,-2,13066
1328,-2,11499
1329,-2,12093
1330,-2,12845
1331,-2,11502
1332,-2,9864
1333,-2,13060
1334,744,12188
1335,-2,10193
1336,-2,11876
1337,-2,11981
1338,-2,9799
1339,-2,11695
1340,-2,11286
1341,-2,11353
1342,-2,12866
1343,-2,12332
1344,11652,11525
1345,-2,12079
1346,-2,9831
1347,-2,10697
1348,-2,10732
1349,-2,12344
1350,-2,12848
1351,-2,13162
1352,-2,13133
1353,-2,10387
1354,-2,11747
1355,-2,10474
1356,-2,11179
1357,-2,12199
1358,-2,12220
1359,-2,11077
1360,744,11776
1361,-2,13190
1362,-2,11044
1363,-2,10169
1364,-2,11422
1365,-2,10809
1366,-2,10570
1367,-2,11415
1368,-2,11922
1369,-2,11180
1370,-2,11008
1371,-2,12023
1372,-2,12326
1373,-2,12624
1374,-2,11007
1375,-2,10921
1376,-2,13084
1377,-2,11852
1378,-2,11722
1379,-2,12169
1380,-2,11573
1381,-2,9976
1382,-2,13067
1383,-2,10531
1384,-2,10236
1385,-2,12225
1386,-2,10480
1387,-2,12063
1388,-2,10258
1389,-2,9945
1390,-2,12449
1391,-2,9926
1392,-2,10430
1393,-2,13219
1394,-2,12968
1395,-2,11702
1396,-2,10506
1397,-2,10533
1398,-2,11312
1399,744,9760
1400,-2,12075
1401,-2,13028
1402,-2,12650
1403,-2,11190
1404,-2,11633
1405,-2,11408
1406,-2,11423
1407,-2,10034
1408,-2,10944
1409,-2,11480
1410,-2,12057
1411,-2,13019
1412,-2,10180
1413,-2,11123
1414,5270,12181
1415,-2,10454
1416,-2,10558
1417,-2,11046
1418,-2,10614
1419,-2,10377
1420,-2,12457
1421,-2,12453
1422,-2,12663
1423,13114,11765
1424,-2,9944
1425,-2,12427
1426,-2,12997
1427,-2,12070
1428,-2,11686
1429,-2,10214
1430,-2,10017
1431,-2,12510
1432,-2,10491
1433,-2,11445
1434,744,10681
1435,-2,12527
1436,-2,13040
1437,-2,11031
1438,-2,12288
1439,-2,11881
1440,-2,12202
1441,-2,10960
1442,-2,11548
1443,-2,12403
1444,-2,11904
1445,-2,9904
1446,-2,11384
1447,-2,11831
1448,-2,10373
1449,-2,10787
1450,-2,12946
1451,-2,9979
1452,-2,12786
1453,-2,11237
1454,-2,11583
1455,-2,12191
1456,-2,12895
1457,-2,11387
1458,-2,11302
1459,-2,12767
1460,-2,9927
1461,-2,11885
1462,-2,12680
1463,-2,11438
1464,-2,12369
1465,-2,10316
1466,-2,10841
1467,-2,9853
1468,-2,13079
1469,-2,10156
1470,-2,11707
1471,-2,11886
1472,-2,11848
1473,-2,12318
1474,-2,9857
1475,-2,12204
1476,-2,12877
1477,-2,12520
1478,-2,12619
1479,-2,10590
1480,-2,10435
1481,-2,11202
1482,-2,11785
1483,-2,12505
1484,-2,11436
1485,-2,12552
1486,-2,10805
1487,-2,10286
1488,-2,13194
1489,-2,11911
1490,-2,11192
1491,-2,11763
1492,-2,12933
1493,-2,11748
1494,12077,12472
1495,-2,11862
1496,11453,11467
1497,-2,11267
1498,-2,12506
1499,-2,9897
1500,-2,12246
1501,-2,12163
1502,-2,11219
1503,-2,10915
1504,-2,11887
1505,-2,11164
1506,-2,12614
1507,-2,12898
1508,-2,13099
1509,744,10171
1510,-2,12860
1511,-2,10677
1512,-2,12347
1513,-2,11333
1514,-2,11059
1515,-2,10039
1516,-2,10323
1517,-2,13207
1518,-2,10994
1519,11652,7520
1520,-2,13108
1521,-2,12512
1522,-2,11977
1523,-2,11555
1524,-2,9950
1525,11652,6580
1526,-2,12674
1527,-2,12000
1528,-2,11437
1529,-2,10026
1530,-2,12651
1531,-2,10578
1532,-2,12442
1533,-2,10012
1534,-2,10519
1535,-2,12573
1536,11230,11453
1537,-2,12536
1538,-2,11986
1539,-2,10304
1540,11652,10020
1541,-2,11614
1542,744,9701
1543,-2,13178
1544,-2,11258
1545,-2,12568
1546,-2,10002
1547,-2,12357
1548,-2,10284
1549,-2,11743
1550,-2,11877
1551,-2,10395
1552,-2,10688
1553,-2,10101
1554,-2,10055
1555,-2,10468
1556,-2,10686
1557,-2,12375
1558,-2,10634
1559,-2,11948
1560,10441,10625
1561,-2,10023
1562,-2,11529
1563,-2,12737
1564,-2,11859
1565,-2,12194
1566,11652,9521
1567,-2,12439
1568,-2,12981
1569,-2,13132
1570,-2,10796
1571,-2,12295
1572,-2,12444
1573,-2,12193
1574,-2,9800
1575,-2,9866
1576,-2,10559
1577,-2,10275
1578,-2,12016
1579,-2,11421
1580,-2,10070
1581,-2,12089
1582,-2,9940
1583,-2,11740
1584,-2,10815
1585,-2,12356
1586,-2,11965
1587,-2,12307
1588,-2,12693
1589,-2,10761
1590,-2,11520
1591,-2,9838
1592,-2,12360
1593,-2,11842
1594,744,12219
1595,-2,12216
1596,-2,12885
1597,-2,10922
1598,-2,9876
1599,-2,13161
1600,-2,11964
1601,-2,13078
1602,-2,12580
1603,-2,12482
1604,-2,11440
1605,-2,12795
1606,-2,11277
1607,-2,12557
1608,-2,10289
1609,-2,11385
1610,-2,10104
1611,-2,10008
1612,-2,10894
1613,-2,10740
1614,-2,11808
1615,-2,12949
1616,-2,10228
1617,-2,11276
1618,-2,12432
1619,-2,12970
1620,-2,11479
1621,-2,11132
1622,-2,11128
1623,-2,11656
1624,-2,11178
1625,-2,10329
1626,-2,10925
1627,-2,10882
1628,-2,10788
1629,-2,9865
1630,-2,11443
1631,-2,12867
1632,-2,11687
1633,-2,11167
1634,-2,10606
1635,744,10966
1636,-2,12641
1637,-2,10927
1638,-2,11641
1639,-2,9803
1640,-2,12015
1641,-2,10810
1642,-2,9951
1643,-2,12637
1644,-2,10729
1645,-2,11789
1646,-2,10757
1647,-2,10293
1648,-2,11662
1649,-2,12964
1650,-2,10311
1651,-2,13181
1652,-2,10074
1653,-2,10372
1654,-2,11741
1655,-2,12812
1656,-2,13157
1657,-2,11335
1658,12472,12017
1659,-2,10744
1660,-2,11259
1661,-2,9937
1662,-2,12969
1663,-2,10166
1664,-2,10256
1665,-2,9997
1666,-2,9856
1667,-2,9841
1668,-2,12558
1669,-2,12224
1670,-2,12780
1671,-2,10201
1672,-2,12354
1673,-2,9819
1674,-2,11991
1675,-2,10598
1676,10625,10412
1677,-2,11299
1678,-2,12200
1679,-2,12292
1680,-2,13138
1681,744,10344
1682,-2,9974
1683,-2,12272
1684,-2,12531
1685,-2,11568
1686,-2,12733
1687,-2,10743
1688,-2,12081
1689,-2,10052
1690,-2,12916
1691,-2,11201
1692,-2,10976
1693,-2,12702
1694,-2,10547
1695,-2,11260
1696,744,12184
1697,-2,11898
1698,-2,10953
1699,-2,10165
1700,-2,10445
1701,-2,12046
1702,-2,11526
1703,13114,12622
1704,-2,12645
1705,-2,11133
1706,-2,11374
1707,-2,10187
1708,-2,11932
1709,-2,9852
1710,-2,13184
1711,-2,11011
1712,-2,10739
1713,-2,12006
1714,-2,10885
1715,-2,10457
1716,-2,11458
1717,-2,9938
1718,-2,11778
1719,-2,10191
1720,-2,10866
1721,-2,12534
1722,-2,11682
1723,-2,11075
1724,-2,10700
1725,-2,12147
1726,-2,11570
1727,-2,10777
1728,-2,11648
1729,-2,11775
1730,-2,9815
1731,-2,11124
1732,-2,12297
1733,-2,10674
1734,-2,10952
1735,-2,11523
1736,-2,10278
1737,-2,10587
1738,-2,10122
1739,-2,11013
1740,-2,11248
1741,-2,11845
1742,-2,10313
1743,-2,11598
1744,-2,11207
1745,-2,12884
1746,-2,12187
1747,-2,10514
1748,-2,12067
1749,-2,9922
1750,-2,12941
1751,-2,12097
1752,-2,10563
1753,-2,12608
1754,-2,11535
1755,-2,11639
1756,-2,13126
1757,-2,9782
1758,-2,10671
1759,744,12543
1760,-2,10392
1761,-2,12141
1762,-2,13166
1763,-2,12323
1764,-2,10225
1765,-2,12007
1766,-2,10705
1767,-2,10709
1768,-2,11891
1769,-2,12184
1770,-2,12351
1771,-2,12739
1772,-2,12493
1773,-2,12717
1774,5270,12097
1775,-2,10783
1776,-2,10774
1777,-2,11377
1778,-2,13074
1779,-2,10006
1780,-2,9963
1781,-2,11797
1782,-2,10339
1783,-2,12622
1784,-2,12189
1785,-2,11685
1786,-2,10582
1787,-2,10495
1788,-2,10177
1789,-2,9793
1790,-2,12337
1791,-2,11206
1792,-2,11488
1793,-2,12560
1794,9513,5270
1795,-2,11979
1796,-2,10146
1797,-2,10622
1798,-2,10659
1799,-2,10745
1800,-2,11705
1801,-2,13042
1802,-2,13217
1803,-2,12823
1804,-2,10906
1805,-2,11791
1806,-2,11761
1807,-2,11301
1808,-2,12992
1809,-2,11817
1810,-2,11873
1811,-2,11888
1812,-2,12402
1813,-2,10090
1814,-2,12421
1815,-2,12677
1816,-2,10817
1817,-2,12140
1818,-2,10748
1819,-2,12766
1820,-2,13124
1821,-2,10038
1822,-2,12542
1823,-2,12331
1824,-2,11953
1825,-2,10399
1826,-2,12440
1827,-2,12144
1828,-2,13096
1829,-2,11091
1830,-2,11244
1831,-2,10613
1832,-2,10551
1833,-2,10947
1834,-2,11136
1835,-2,11902
1836,-2,11282
1837,-2,10217
1838,-2,12595
1839,-2,11107
1840,-2,11082
1841,-2,12334
1842,-2,10437
1843,-2,11102
1844,-2,10274
1845,-2,11416
1846,-2,11092
1847,-2,10793
1848,-2,11104
1849,-2,11615
1850,-2,11616
1851,-2,9959
1852,-2,10636
1853,-2,9811
1854,-2,10707
1855,-2,9953
1856,-2,10662
1857,-2,10053
1858,-2,12305
1859,-2,10932
1860,-2,11726
1861,-2,10280
1862,-2,12448
1863,-2,10544
1864,-2,11386
1865,-2,11508
1866,-2,11642
1867,-2,9789
1868,-2,10645
1869,-2,12793
1870,-2,10609
1871,-2,10103
1872,-2,11051
1873,-2,11457
1874,-2,13139
1875,-2,11057
1876,-2,12178
1877,-2,13160
1878,-2,9822
1879,-2,11030
1880,-2,13209
1881,-2,12247
1882,-2,12277
1883,-2,12188
1884,-2,12917
1885,-2,12976
1886,-2,10044
1887,11652,6746
1888,-2,11298
1889,-2,9844
1890,-2,13064
1891,-2,10425
1892,-2,12661
1893,-2,11357
1894,-2,12237
1895,744,10332
1896,-2,9935
1897,5270,9724
1898,5270,10891
1899,-2,12548
1900,-2,11675
1901,744,10511
1902,-2,12340
1903,-2,13158
1904,-2,10431
1905,-2,9962
1906,-2,10159
1907,-2,10307
1908,-2,11551
1909,-2,10346
1910,-2,10359
1911,-2,10733
1912,-2,10229
1913,-2,12566
1914,-2,12082
1915,-2,12409
1916,-2,11041
1917,-2,9992
1918,-2,10143
1919,-2,12983
1920,-2,10426
1921,-2,11644
1922,-2,12610
1923,-2,11317
1924,-2,10834
1925,-2,10852
1926,-2,12701
1927,-2,10591
1928,-2,11673
1929,-2,11540
1930,-2,10138
1931,-2,12262
1932,-2,13141
1933,-2,13175
1934,-2,10367
1935,-2,11607
1936,-2,10081
1937,-2,11305
1938,-2,9998
1939,-2,10111
1940,5270,11811
1941,-2,11835
1942,-2,12373
1943,-2,12121
1944,-2,12734
1945,744,9834
1946,-2,11363
1947,-2,10887
1948,-2,10561
1949,744,10297
1950,-2,11005
1951,-2,11536
1952,-2,11698
1953,-2,10675
1954,-2,11166
1955,-2,13142
1956,-2,11945
1957,-2,12979
1958,-2,10297
1959,-2,11776
1960,-2,10883
1961,-2,10036
1962,-2,12300
1963,-2,12166
1964,-2,12388
1965,-2,9813
1966,-2,12433
1967,-2,10062
1968,-2,10489
1969,-2,11933
1970,-2,10183
1971,-2,11760
1972,-2,12967
1973,-2,10500
1974,-2,9971
1975,-2,12127
1976,-2,13001
1977,-2,11187
1978,-2,12445
1979,-2,11668
1980,-2,11383
1981,-2,10719
1982,-2,12835
1983,-2,9785
1984,744,9789
1985,-2,11543
1986,11652,10784
1987,-2,9964
1988,744,10032
1989,-2,12381
1990,-2,10018
1991,-2,10919
1992,-2,10969
1993,-2,12787
1994,-2,9889
1995,-2,12522
1996,-2,13025
1997,-2,11274
1998,-2,10572
1999,-2,11521
2000,-2,12259
2001,-2,10182
2002,-2,11625
2003,-2,10000
2004,-2,12463
2005,-2,12601
2006,744,11815
2007,-2,12490
2008,-2,10185
2009,-2,12815
2010,-2,13112
2011,-2,9770
2012,-2,11272
2013,-2,12725
2014,-2,11720
2015,-2,10664
2016,-2,11980
2017,-2,11118
2018,-2,13022
2019,-2,11470
2020,-2,11856
2021,-2,11635
2022,-2,11621
2023,-2,11587
2024,-2,12186
2025,11989,12472
2026,-2,10376
2027,-2,11672
2028,-2,10569
2029,-2,9825
2030,-2,10646
2031,-2,11504
2032,-2,10181
2033,-2,11388
2034,-2,12451
2035,-2,11297
2036,5377,11467
2037,-2,12164
2038,-2,9969
2039,-2,10983
2040,5270,9623
2041,-2,10164
2042,-2,12959
2043,-2,10203
2044,-2,9900
2045,-2,10270
2046,-2,12112
2047,-2,11780
2048,-2,10668
2049,-2,10836
2050,-2,12327
2051,-2,12545
2052,-2,12931
2053,-2,10077
2054,-2,12905
2055,-2,12371
2056,-2,12844
2057,-2,10892
2058,-2,10251
2059,-2,12021
2060,-2,12605
2061,-2,10951
2062,-2,11626
2063,-2,10735
2064,-2,10786
2065,-2,11893
2066,-2,11109
2067,-2,11442
2068,-2,11926
2069,-2,10238
2070,-2,12776
2071,-2,10862
2072,-2,11476
2073,-2,10929
2074,-2,12593
2075,-2,12312
2076,-2,10752
2077,744,11788
2078,-2,10615
2079,11652,9073
2080,-2,12108
2081,-2,12229
2082,-2,12435
2083,-2,12074
2084,-2,10770
2085,-2,13085
2086,-2,10184
2087,-2,11916
2088,-2,13009
2089,11652,8243
2090,-2,10452
2091,-2,11858
2092,-2,10110
2093,-2,10573
2094,-2,12788
2095,-2,9768
2096,-2,9817
2097,-2,12775
2098,-2,10069
2099,-2,11895
2100,-2,9884
2101,-2,12728
2102,-2,11264
2103,-2,12374
2104,-2,10483
2105,-2,10120
2106,-2,11693
2107,-2,10845
2108,-2,10651
2109,-2,13170
2110,-2,12416
2111,-2,12343
2112,-2,10331
2113,-2,10984
2114,-2,12217
2115,-2,11325
2116,-2,12711
2117,-2,9996
2118,-2,12984
2119,-2,12158
2120,-2,12207
2121,-2,10054
2122,744,9713
2123,-2,11345
2124,-2,10089
2125,-2,12386
2126,-2,12627
2127,-2,12180
2128,-2,10405
2129,-2,11982
2130,-2,10650
2131,-2,11864
2132,-2,12221
2133,-2,12561
2134,-2,10043
2135,-2,12419
2136,-2,10320
2137,-2,11356
2138,-2,9765
2139,-2,9949
2140,-2,12556
2141,-2,12523
2142,-2,9787
2143,-2,10436
2144,-2,11321
2145,-2,10986
2146,-2,10584
2147,-2,10476
2148,-2,10401
2149,-2,11287
2150,-2,13129
2151,-2,12423
2152,-2,13005
2153,-2,12821
2154,-2,11826
2155,5270,11456
2156,-2,11896
2157,-2,9995
2158,11652,7593
2159,-2,10257
2160,-2,10262
2161,-2,12817
2162,-2,11191
2163,-2,10653
2164,-2,9804
2165,-2,12328
2166,-2,12366
2167,-2,10462
2168,-2,11034
2169,-2,10839
2170,-2,10989
2171,-2,11575
2172,-2,12364
2173,-2,10135
2174,-2,9956
2175,-2,13116
2176,-2,11742
2177,-2,10040
2178,-2,12230
2179,-2,10516
2180,-2,10117
2181,-2,11126
2182,-2,11358
2183,-2,12301
2184,-2,11311
2185,-2,10595
2186,-2,11456
2187,-2,10226
2188,-2,10903
2189,-2,10868
2190,13114,12403
2191,-2,10833
2192,-2,13053
2193,-2,12555
2194,-2,11757
2195,-2,12306
2196,-2,11910
2197,-2,9905
2198,-2,10819
2199,-2,11085
2200,-2,12859
2201,11014,11652
2202,-2,10873
2203,-2,12473
2204,-2,11195
2205,-2,11256
2206,-2,10361
2207,-2,12709
2208,-2,12209
2209,-2,9915
2210,-2,12630
2211,-2,11056
2212,-2,11515
2213,-2,10427
2214,12472,12091
2215,-2,12720
2216,-2,11949
2217,-2,12068
2218,-2,12832
2219,-2,10231
2220,-2,10661
2221,-2,12156
2222,-2,12491
2223,-2,12062
2224,-2,11792
2225,5270,9171
2226,-2,12770
2227,744,9326
2228,-2,10408
2229,-2,11678
2230,-2,10467
2231,-2,11486
2232,-2,12471
2233,-2,10106
2234,9989,10768
2235,-2,10357
2236,-2,10523
2237,-2,10931
2238,-2,10375
2239,11989,11989
2240,-2,12951
2241,-2,10751
2242,-2,10899
2243,-2,11665
2244,-2,9970
2245,-2,11378
2246,-2,11316
2247,-2,11168
2248,-2,12723
2249,-2,9948
2250,-2,10153
2251,-2,13100
2252,-2,12170
2253,-2,10494
2254,-2,10818
2255,-2,12658
2256,-2,12966
2257,-2,13052
2258,-2,11837
2259,-2,12283
2260,-2,12298
2261,-2,10945
2262,-2,13134
2263,-2,12077
2264,-2,12525
2265,-2,11970
2266,-2,9934
2267,-2,12001
2268,-2,12155
2269,5270,9851
2270,-2,10298
2271,-2,10133
2272,-2,11269
2273,-2,10168
2274,-2,10543
2275,-2,10371
2276,-2,10600
2277,-2,13172
2278,-2,13003
2279,-2,10202
2280,-2,11037
2281,-2,11291
2282,-2,12892
2283,-2,12668
2284,-2,9933
2285,-2,10417
2286,-2,12847
2287,-2,12744
2288,-2,10714
2289,-2,11920
2290,-2,10802
2291,-2,10147
2292,-2,9870
2293,-2,10095
2294,-2,12731
2295,-2,11251
2296,-2,12118
2297,-2,11140
2298,-2,11989
2299,-2,10010
2300,-2,11931
2301,-2,9867
2302,-2,12059
2303,-2,10450
2304,-2,10415
2305,-2,10222
2306,-2,12013
2307,-2,10319
2308,-2,10698
2309,-2,12978
2310,-2,13179
2311,-2,9929
2312,-2,11151
2313,-2,11715
2314,-2,11156
2315,-2,10784
2316,12472,11765
2317,-2,11538
2318,-2,11545
2319,-2,10205
2320,11652,11386
2321,-2,11213
2322,-2,10855
2323,-2,10965
2324,-2,10763
2325,-2,10557
2326,-2,12771
2327,-2,12177
2328,-2,10112
2329,-2,12713
2330,-2,10747
2331,-2,11268
2332,-2,11241
2333,-2,11611
2334,-2,10712
2335,-2,12003
2336,-2,10178
2337,-2,10271
2338,-2,12908
2339,-2,9991
2340,-2,12461
2341,-2,11755
2342,-2,12501
2343,-2,11392
2344,-2,11925
2345,-2,9906
2346,-2,10411
2347,-2,12813
2348,-2,12722
2349,-2,11380
2350,-2,11105
2351,-2,11509
2352,-2,10127
2353,-2,10905
2354,-2,10363
2355,-2,9777
2356,-2,10317
2357,-2,10061
2358,-2,12487
2359,-2,10741
2360,-2,9808
2361,-2,12358
2362,-2,9824
2363,-2,10560
2364,-2,11855
2365,-2,10812
2366,-2,11524
2367,-2,10990
2368,-2,12456
2369,-2,12286
2370,-2,10948
2371,-2,11890
2372,11652,6824
2373,-2,11613
2374,-2,13143
2375,-2,12524
2376,-2,11939
2377,-2,11659
2378,-2,10340
2379,-2,12772
2380,-2,13044
2381,-2,11400
2382,-2,11496
2383,-2,11370
2384,-2,12437
2385,-2,11351
2386,-2,12810
2387,-2,10091
2388,-2,11432
2389,-2,11713
2390,-2,12492
2391,-2,10389
2392,-2,11840
2393,-2,12100
2394,-2,10083
2395,-2,11690
2396,-2,12863
2397,-2,11103
2398,-2,10469
2399,-2,11205
2400,5270,11902
2401,-2,12227
2402,-2,9993
2403,-2,12385
2404,-2,11638
2405,-2,12678
2406,-2,12995
2407,-2,10200
2408,-2,10488
2409,-2,11306
2410,-2,10800
2411,-2,10776
2412,-2,10518
2413,11652,10107
2414,-2,12990
2415,-2,10917
2416,-2,10566
2417,-2,12304
2418,-2,11717
2419,-2,10076
2420,-2,13173
2421,-2,13056
2422,-2,10336
2423,-2,9828
2424,-2,12017
2425,-2,10285
2426,-2,12516
2427,-2,11706
2428,-2,11346
2429,-2,12280
2430,-2,10115
2431,-2,11000
2432,-2,11036
2433,-2,11413
2434,-2,11769
2435,-2,11790
2436,-2,12367
2437,-2,12904
2438,-2,9796
2439,-2,10961
2440,-2,12142
2441,-2,11130
2442,-2,13062
2443,-2,11117
2444,-2,10009
2445,-2,10386
2446,-2,9836
2447,-2,11723
2448,-2,13095
2449,-2,11793
2450,-2,12338
2451,-2,13155
2452,744,9770
2453,-2,11557
2454,-2,12596
2455,-2,10108
2456,-2,12706
2457,-2,12219
2458,-2,11460
2459,-2,12667
2460,-2,13215
2461,-2,10710
2462,-2,13054
2463,-2,11727
2464,-2,12749
2465,-2,12985
2466,-2,10235
2467,-2,10041
2468,-2,11493
2469,-2,10808
2470,-2,10478
2471,-2,12689
2472,-2,12599
2473,-2,10479
2474,-2,12172
2475,-2,12764
2476,-2,10463
2477,-2,11728
2478,-2,12489
2479,-2,13185
2480,-2,12257
2481,-2,12576
2482,-2,12124
2483,-2,11867
2484,-2,13041
2485,-2,11154
2486,-2,11141
2487,-2,10602
2488,-2,9896
2489,-2,11900
2490,-2,12426
2491,-2,11571
2492,-2,10356
2493,-2,11609
2494,-2,10555
2495,-2,11880
2496,-2,13026
2497,-2,11923
2498,-2,11289
2499,-2,11229
2500,-2,12418
2501,-2,10676
2502,5270,10863
2503,-2,12238
2504,-2,9939
2505,-2,9772
2506,-2,12010
2507,10625,10279
2508,-2,12245
2509,-2,12363
2510,-2,9936
2511,-2,9989
2512,-2,11976
2513,-2,12507
2514,-2,12139
2515,-2,12361
2516,744,10911
2517,-2,11157
2518,12472,12313
2519,-2,12565
2520,-2,10087
2521,-2,12779
2522,-2,11404
2523,11652,6477
2524,-2,10608
2525,-2,11894
2526,-2,11014
2527,-2,12066
2528,-2,10647
2529,-2,11708
2530,-2,10155
2531,-2,10715
2532,11989,13045
2533,-2,11941
2534,-2,11718
2535,-2,12012
2536,-2,10291
2537,-2,9975
2538,-2,10708
2539,-2,10583
2540,-2,11730
2541,-2,12521
2542,-2,10722
2543,-2,12686
2544,-2,12131
2545,-2,11807
2546,-2,10412
2547,-2,12362
2548,-2,10308
2549,5270,10732
2550,-2,12648
2551,-2,11631
2552,-2,12636
2553,-2,9947
2554,-2,10832
2555,-2,11846
2556,-2,10888
2557,-2,12271
2558,-2,11498
2559,-2,11736
2560,-2,12664
2561,-2,10378
2562,-2,10343
2563,-2,11679
2564,-2,11815
2565,-2,12746
2566,-2,12945
2567,-2,10438
2568,-2,11795
2569,-2,12801
2570,-2,10605
2571,-2,12289
2572,-2,13119
2573,-2,12098
2574,-2,11784
2575,-2,13081
2576,-2,10088
2577,11652,9518
2578,-2,11863
2579,-2,11073
2580,-2,10072
2581,-2,10065
2582,-2,10526
2583,-2,10422
2584,-2,12695
2585,-2,13072
2586,-2,11211
2587,-2,9858
2588,-2,12503
2589,-2,10693
2590,-2,12533
2591,-2,11657
2592,-2,12652
2593,-2,13176
2594,-2,10369
2595,-2,10098
2596,-2,10978
2597,-2,10619
2598,-2,10471
2599,-2,10123
2600,-2,11170
2601,-2,12547
2602,-2,11210
2603,-2,10604
2604,-2,12022
2605,-2,11860
2606,-2,12145
2607,-2,12123
2608,-2,11222
2609,-2,10309
2610,-2,12825
2611,-2,12872
2612,-2,10711
2613,-2,12760
2614,-2,11658
2615,-2,10360
2616,-2,11254
2617,-2,11917
2618,-2,9907
2619,-2,13043
2620,-2,11308
2621,-2,11391
2622,-2,10277
2623,-2,12569
2624,-2,10310
2625,-2,10242
2626,-2,10503
2627,-2,12535
2628,-2,10107
2629,-2,10326
2630,-2,12258
2631,-2,11544
2632,-2,10596
2633,-2,10056
2634,-2,13031
2635,-2,11942
2636,-2,10096
2637,-2,10397
2638,-2,10240
2639,-2,12412
2640,-2,9990
2641,-2,11838
2642,-2,10875
2643,-2,10696
2644,-2,12452
2645,-2,12470
2646,-2,12857
2647,-2,9798
2648,-2,10981
2649,-2,12553
2650,-2,11042
2651,-2,10790
2652,-2,11955
2653,-2,12963
2654,744,10434
2655,-2,10142
2656,-2,10314
2657,-2,11231
2658,-2,12084
2659,-2,12886
2660,-2,10391
2661,-2,9988
2662,-2,12479
2663,-2,9809
2664,-2,12980
2665,-2,10398
2666,-2,12950
2667,-2,11983
2668,-2,12841
2669,-2,11680
2670,-2,9837
2671,-2,10068
2672,-2,12671
2673,-2,12478
2674,-2,10872
2675,-2,11466
2676,-2,10750
2677,-2,10116
2678,-2,12590
2679,-2,11590
2680,-2,12518
2681,-2,10368
2682,-2,10753
2683,-2,12965
2684,-2,10129
2685,-2,10341
2686,-2,11047
2687,-2,12582
2688,-2,10219
2689,-2,10206
2690,-2,11593
2691,-2,11113
2692,-2,10827
2693,-2,12496
2694,-2,11484
2695,744,11901
2696,-2,11177
2697,-2,10782
2698,-2,10059
2699,-2,10897
2700,-2,10093
2701,744,10519
2702,-2,11839
2703,-2,13208
2704,-2,12840
2705,12077,13114
2706,-2,11120
2707,5270,9747
2708,-2,12243
2709,-2,11950
2710,-2,12105
2711,-2,10441
2712,-2,12076
2713,-2,12824
2714,-2,12455
2715,-2,11066
2716,-2,12500
2717,-2,10119
2718,-2,10893
2719,-2,11430
2720,-2,11581
2721,-2,12032
2722,-2,12579
2723,-2,12494
2724,-2,9911
2725,-2,12308
2726,-2,12502
2727,-2,9829
2728,744,9333
2729,-2,10667
2730,-2,10446
2731,-2,10102
2732,-2,9779
2733,-2,12869
2734,-2,10863
2735,-2,10113
2736,-2,10588
2737,-2,13150
2738,-2,12071
2739,9883,5270
2740,-2,10999
2741,-2,10157
2742,-2,11768
2743,-2,10586
2744,-2,11586
2745,-2,12756
2746,-2,12906
2747,-2,10901
2748,-2,9954
2749,-2,12255
2750,-2,10721
2751,-2,9794
2752,-2,11065
2753,-2,12278
2754,744,12175
2755,-2,10075
2756,-2,10923
2757,-2,12653
2758,-2,11503
2759,-2,12761
2760,-2,11550
2761,-2,12625
2762,-2,11266
2763,-2,13004
2764,-2,12195
2765,-2,12729
2766,-2,13090
2767,-2,12988
2768,-2,12936
2769,-2,12808
2770,-2,10900
2771,-2,12526
2772,-2,10358
2773,5270,10563
2774,-2,9827
2775,-2,10797
2776,-2,10913
2777,-2,12218
2778,-2,12094
2779,-2,10477
2780,-2,11585
2781,-2,13145
2782,-2,11290
2783,-2,10131
2784,-2,10233
2785,-2,10778
2786,-2,11653
2787,-2,11501
2788,-2,11552
2789,-2,11924
2790,-2,10685
2791,-2,11021
2792,-2,11240
2793,-2,11193
2794,-2,9797
2795,-2,13016
2796,-2,11194
2797,-2,10717
2798,-2,11892
2799,-2,11419
2800,-2,12805
2801,-2,11261
2802,-2,12807
2803,-2,11565
2804,-2,12666
2805,-2,12346
2806,-2,10720
2807,-2,12223
2808,-2,11847
2809,-2,12168
2810,-2,12020
2811,-2,11161
2812,-2,11209
2813,-2,10756
2814,-2,12748
2815,-2,10858
2816,-2,11068
2817,-2,12842
2818,-2,9880
2819,-2,12554
2820,-2,10173
2821,-2,12913
2822,-2,12712
2823,-2,10505
2824,-2,12752
2825,-2,10132
2826,-2,12182
2827,-2,10521
2828,-2,11494
2829,-2,10846
2830,-2,10642
2831,-2,11534
2832,-2,11576
2833,-2,10486
2834,-2,11001
2835,-2,12878
2836,-2,11230
2837,-2,12005
2838,-2,12291
2839,11652,11251
2840,-2,12058
2841,-2,10432
2842,-2,12957
2843,-2,10305
2844,-2,10734
2845,-2,12053
2846,744,9863
2847,-2,11821
2848,-2,11119
2849,10625,10209
2850,-2,12598
2851,-2,11588
2852,-2,11699
2853,-2,11927
2854,-2,12785
2855,-2,11781
2856,-2,12214
2857,-2,12002
2858,-2,9994
2859,-2,11446
2860,-2,12934
2861,-2,10924
2862,-2,10571
2863,-2,12961
2864,-2,11777
2865,-2,12018
2866,-2,10080
2867,-2,12317
2868,-2,11324
2869,-2,12055
2870,-2,11052
2871,-2,12241
2872,-2,11992
2873,13114,11862
2874,-2,11961
2875,-2,12699
2876,-2,12861
2877,-2,11919
2878,-2,11901
2879,-2,13063
2880,-2,11204
2881,-2,10282
2882,744,10008
2883,-2,12822
2884,-2,10865
2885,-2,10349
2886,-2,9942
2887,-2,11958
2888,-2,10439
2889,-2,11069
2890,-2,11146
2891,-2,11382
2892,-2,13165
2893,-2,10970
2894,-2,10949
2895,-2,11459
2896,-2,11452
2897,-2,12399
2898,-2,11556
2899,-2,12242
2900,-2,12424
2901,-2,12616
2902,-2,10933
2903,-2,12617
2904,-2,12509
2905,-2,9860
2906,-2,11390
2907,-2,12862
2908,744,10403
2909,-2,11185
2910,-2,10549
2911,-2,12239
2912,-2,11517
2913,-2,10576
2914,744,9383
2915,-2,12276
2916,-2,11610
2917,12472,12403
2918,-2,11150
2919,-2,10869
2920,-2,12759
2921,-2,11541
2922,-2,11539
2923,-2,12635
2924,-2,11337
2925,-2,11834
2926,12028,5270
2927,-2,12380
2928,-2,12621
2929,10768,9166
2930,-2,11366
2931,-2,9957
2932,-2,11347
2933,-2,10837
2934,-2,10687
2935,-2,10407
2936,-2,10652
2937,-2,12475
2938,-2,11233
2939,744,10909
2940,-2,12228
2941,-2,11224
2942,-2,12090
2943,-2,9882
2944,-2,12830
2945,-2,11071
2946,-2,10918
2947,-2,10485
2948,-2,13089
2949,-2,12019
2950,-2,11938
2951,-2,10623
2952,-2,10941
2953,11403,11830
2954,-2,11522
2955,-2,12806
2956,5270,11108
2957,-2,10067
2958,-2,10654
2959,744,9566
2960,-2,12896
2961,-2,11954
2962,-2,12544
2963,-2,10218
2964,-2,13024
2965,-2,10638
2966,-2,12852
2967,-2,11217
2968,-2,10281
2969,-2,10118
2970,-2,11759
2971,-2,12389
2972,-2,12315
2973,-2,12152
2974,-2,10114
2975,-2,10234
2976,-2,10434
2977,-2,10803
2978,744,10987
2979,-2,13057
2980,-2,11700
2981,-2,11510
2982,-2,12628
2983,-2,11072
2984,-2,9891
2985,-2,11147
2986,11214,11453
2987,-2,10616
2988,-2,12273
2989,11652,8149
2990,-2,13168
2991,-2,9999
2992,-2,11039
2993,-2,12876
2994,-2,12858
2995,-2,12696
2996,-2,12800
2997,-2,12316
2998,-2,13117
2999,-2,12107
3000,-2,11300
3001,-2,10860
3002,-2,10198
3003,-2,11373
3004,-2,10158
3005,-2,9832
3006,-2,12792
3007,-2,12111
3008,-2,13140
3009,-2,10755
3010,-2,11762
3011,-2,12310
3012,-2,12061
3013,-2,11670
3014,-2,11465
3015,-2,12923
3016,-2,12476
3017,-2,12802
3018,10768,5270
3019,-2,12287
3020,744,9641
3021,-2,10624
3022,-2,12167
3023,-2,11235
3024,-2,9910
3025,-2,10016
3026,-2,12048
3027,-2,11577
3028,-2,12589
3029,-2,12538
3030,-2,10656
3031,-2,12607
3032,-2,12269
3033,-2,10804
3034,-2,12714
3035,-2,10599
3036,-2,11053
3037,-2,12629
3038,-2,12203
3039,-2,12826
3040,-2,10330
3041,744,9620
3042,-2,11149
3043,-2,10050
3044,5270,10660
3045,-2,9764
3046,-2,11554
3047,-2,12150
3048,-2,12322
3049,-2,10728
3050,-2,11798
3051,-2,10515
3052,-2,9877
3053,-2,11236
3054,-2,12971
3055,-2,11745
3056,-2,11999
3057,-2,10321
3058,744,12199
3059,-2,10585
3060,-2,12774
3061,-2,10844
3062,-2,10512
3063,-2,10383
3064,-2,10886
3065,-2,11338
3066,-2,12128
3067,-2,12575
3068,-2,11203
3069,-2,11533
3070,-2,10266
3071,-2,12365
3072,13114,11989
3073,-2,10861
3074,-2,12640
3075,-2,12888
3076,-2,11819
3077,-2,11857
3078,-2,10594
3079,-2,12428
3080,-2,11405
3081,-2,11786
3082,-2,12577
3083,-2,10223
3084,-2,11620
3085,-2,11628
3086,-2,10966
3087,-2,12799
3088,-2,11425
3089,-2,13151
3090,-2,12670
3091,-2,12634
3092,744,10365
3093,-2,12827
3094,-2,12687
3095,-2,11318
3096,-2,11734
3097,-2,11139
3098,-2,11604
3099,-2,12707
3100,-2,12889
3101,-2,12901
3102,-2,12406
3103,-2,12609
3104,-2,12987
3105,-2,13035
3106,-2,11697
3107,-2,11447
3108,-2,11016
3109,-2,10764
3110,-2,12353
3111,-2,12390
3112,-2,12839
3113,744,9841
3114,5270,11684
3115,-2,12833
3116,-2,11597
3117,-2,12798
3118,-2,12039
3119,744,12237
3120,-2,10838
3121,-2,9894
3122,-2,11649
3123,-2,10541
3124,-2,12499
3125,-2,11215
3126,-2,13033
3127,-2,12742
3128,-2,12157
3129,-2,11143
3130,11652,10029
3131,744,9376
3132,-2,10207
3133,11652,8701
3134,-2,11833
3135,-2,13206
3136,-2,9850
3137,-2,13061
3138,-2,10247
3139,-2,12425
3140,-2,10689
3141,-2,12037
3142,-2,11398
3143,-2,12236
3144,-2,10381
3145,-2,10428
3146,-2,11095
3147,-2,12911
3148,-2,11067
3149,5270,9200
3150,-2,11200
3151,-2,13023
3152,-2,10681
3153,-2,9774
3154,-2,11186
3155,-2,11972
3156,-2,12870
3157,-2,9792
3158,-2,11196
3159,-2,11696
3160,-2,11406
3161,11652,8656
3162,-2,12196
3163,-2,11918
3164,-2,11506
3165,-2,10097
3166,-2,12078
3167,-2,10268
3168,-2,12613
3169,-2,11756
3170,-2,11015
3171,-2,12405
3172,-2,10109
3173,-2,10904
3174,-2,11348
3175,-2,12065
3176,-2,12129
3177,-2,11294
3178,-2,10197
3179,-2,11225
3180,-2,10230
3181,-2,10459
3182,-2,10769
3183,744,9565
3184,-2,13039
3185,-2,10831
3186,-2,11424
3187,-2,10273
3188,-2,10884
3189,11652,7802
3190,-2,11278
3191,-2,11805
3192,-2,10354
3193,-2,11530
3194,-2,10589
3195,-2,11783
3196,-2,12703
3197,-2,11454
3198,-2,12265
3199,-2,12472
3200,-2,12854
3201,-2,12586
3202,-2,11966
3203,-2,11343
3204,-2,13128
3205,5270,9528
3206,-2,9902
3207,-2,10902
3208,-2,11828
3209,-2,12887
3210,-2,11800
3211,-2,9973
3212,744,10147
3213,-2,12420
3214,-2,12947
3215,-2,12682
3216,744,9315
3217,-2,10066
3218,-2,13204
3219,-2,12133
3220,-2,12697
3221,-2,10402
3222,-2,11623
3223,-2,11928
3224,-2,11899
3225,-2,13076
3226,-2,11028
3227,-2,10473
3228,-2,10943
3229,-2,13147
3230,-2,13111
3231,-2,13193
3232,-2,12341
3233,-2,12213
3234,-2,10982
3235,-2,11439
3236,-2,13210
3237,-2,9871
3238,-2,10239
3239,-2,10510
3240,-2,12091
3241,-2,12782
3242,-2,12248
3243,-2,12919
3244,-2,9960
3245,-2,11766
3246,-2,10254
3247,-2,11176
3248,13114,12723
3249,-2,11599
3250,-2,11960
3251,-2,12646
3252,-2,11559
3253,-2,12755
3254,-2,11249
3255,-2,11985
3256,-2,12173
3257,-2,12336
3258,-2,11319
3259,-2,11647
3260,-2,9776
3261,9328,744
3262,-2,12103
3263,-2,12511
3264,-2,12462
3265,-2,11043
3266,-2,12210
3267,-2,11993
3268,-2,9980
3269,-2,10379
3270,-2,10334
3271,-2,11228
3272,-2,10864
3273,-2,11683
3274,-2,11806
3275,-2,11247
3276,-2,11907
3277,-2,11038
3278,-2,11729
3279,-2,11716
3280,-2,12370
3281,-2,11155
3282,-2,10385
3283,-2,10082
3284,-2,12603
3285,-2,10134
3286,-2,10051
3287,-2,10139
3288,-2,12955
3289,-2,11407
3290,-2,11963
3291,-2,10255
3292,-2,10938
3293,-2,13156
3294,-2,10617
3295,-2,11070
3296,-2,9952
3297,-2,10019
3298,-2,12382
3299,-2,11579
3300,-2,10991
3301,-2,11426
3302,-2,9925
3303,-2,12903
3304,-2,13182
3305,-2,10190
3306,-2,10876
3307,-2,10232
3308,-2,10779
3309,-2,12030
3310,-2,12488
3311,-2,11379
3312,-2,12804
3313,-2,10909
3314,-2,11020
3315,-2,11283
3316,-2,10287
3317,-2,11364
3318,-2,13075
3319,-2,11101
3320,-2,12138
3321,-2,12052
3322,-2,11078
3323,-2,10825
3324,-2,11401
3325,-2,11836
3326,-2,12275
3327,-2,10958
3328,-2,12045
3329,-2,12574
3330,-2,12688
3331,-2,11342
3332,-2,12930
3333,-2,12765
3334,-2,11872
3335,-2,10644
3336,11652,6537
3337,-2,11969
3338,-2,10490
3339,-2,11381
3340,-2,11618
3341,-2,10060
3342,-2,12811
3343,-2,10380
3344,-2,10546
3345,-2,12192
3346,-2,10461
3347,-2,11242
3348,-2,9923
3349,-2,12562
3350,-2,9888
3351,-2,10252
3352,12472,11862
3353,-2,10288
3354,-2,12035
3355,-2,13220
3356,-2,12266
3357,-2,11490
3358,-2,9821
3359,-2,9967
3360,5270,11234
3361,-2,9928
3362,-2,11735
3363,-2,11027
3364,-2,11709
3365,-2,10628
3366,-2,11395
3367,-2,12443
3368,-2,9972
3369,-2,9899
3370,-2,10085
3371,-2,10920
3372,-2,12879
3373,-2,10364
3374,-2,10345
3375,-2,9914
3376,-2,9854
3377,-2,11930
3378,-2,11733
3379,-2,10466
3380,-2,12352
3381,-2,10629
3382,-2,11809
3383,-2,9810
3384,-2,11455
3385,-2,12875
3386,-2,12929
3387,-2,10248
3388,-2,10795
3389,-2,10011
3390,-2,10404
3391,-2,11216
3392,-2,12073
3393,-2,13201
3394,-2,10194
3395,-2,11528
3396,-2,12134
3397,-2,10807
3398,-2,12940
3399,-2,12095
3400,-2,13144
3401,-2,10413
3402,-2,11909
3403,-2,10828
3404,-2,10649
3405,-2,11270
3406,-2,11994
3407,744,9944
3408,-2,11998
3409,-2,11691
3410,-2,12483
3411,-2,11497
3412,-2,11739
3413,-2,11169
3414,-2,10295
3415,-2,11825
3416,-2,12149
3417,-2,12392
3418,-2,10344
3419,-2,10842
3420,-2,10442
3421,-2,11003
3422,-2,11666
3423,-2,11684
3424,-2,10141
3425,-2,10204
3426,-2,10682
3427,-2,11636
3428,-2,9869
3429,-2,11058
3430,-2,12691
3431,-2,11601
3432,5270,11963
3433,-2,12393
3434,-2,11349
3435,-2,11703
3436,-2,12750
3437,-2,12383
3438,-2,12532
3439,-2,12954
3440,-2,11975
3441,-2,12654
3442,-2,13048
3443,-2,12943
3444,-2,10592
3445,-2,12996
3446,-2,12208
3447,-2,12504
3448,-2,10738
3449,-2,10694
3450,-2,12232
3451,-2,12497
3452,-2,10581
3453,-2,10742
3454,-2,12264
3455,-2,11252
3456,-2,10618
3457,-2,9983
3458,-2,11974
3459,-2,9919
3460,-2,12234
3461,-2,11947
3462,-2,12837
3463,11652,10988
3464,-2,11183
3465,-2,11866
3466,-2,12146
3467,-2,10199
3468,-2,11188
3469,-2,12201
3470,-2,10029
3471,-2,10048
3472,5270,9114
3473,-2,11629
3474,-2,12198
3475,-2,12600
3476,-2,9875
3477,-2,10637
3478,-2,10264
3479,-2,9921
3480,-2,10992
3481,-2,11525
3482,-2,9965
3483,-2,12738
3484,-2,12998
3485,-2,11054
3486,-2,13187
3487,-2,10811
3488,-2,9849
3489,-2,10520
3490,-2,11431
3491,-2,11450
3492,-2,11518
3493,-2,12270
3494,-2,12222
3495,-2,11516
3496,-2,10365
3497,-2,10635
3498,-2,10171
3499,-2,11491
3500,-2,12447
3501,-2,12865
3502,-2,10150
3503,-2,12633
3504,-2,10785
3505,-2,12745
3506,-2,10440
3507,-2,10911
3508,-2,10448
3509,-2,10030
3510,-2,12349
3511,-2,12644
3512,-2,11134
3513,-2,10004
3514,-2,9932
3515,-2,11799
3516,-2,10507
3517,-2,13121
3518,-2,12514
3519,-2,10136
3520,-2,12244
3521,10625,5270
3522,-2,11803
3523,-2,11574
3524,744,10474
3525,-2,11475
3526,-2,13125
3527,-2,9846
3528,-2,13222
3529,-2,10532
3530,-2,10798
