"Date,",Price,Open,High,Low,Vol.,Change %
4/24/2022,"38,569.00","39,434.00","40,770.00","37,708.00",3.35B,-2.15%
4/17/2022,"39,418.00","40,382.00","42,969.00","38,577.00",2.66B,-2.39%
4/10/2022,"40,382.00","42,760.00","43,421.00","39,202.00",2.49B,-5.58%
4/3/2022,"42,767.00","45,813.00","47,435.00","42,113.00",3.23B,-6.64%
3/27/2022,"45,811.00","44,542.00","48,199.00","44,261.00",3.66B,2.84%
3/20/2022,"44,548.00","42,241.00","45,112.00","40,530.00",3.16B,5.48%
3/13/2022,"42,233.00","38,813.20","42,386.00","37,603.40",17.07B,8.81%
3/6/2022,"38,814.30","39,396.30","42,538.50","37,182.10",20.31B,-1.48%
2/27/2022,"39,395.80","39,116.60","45,294.20","37,062.30",6.23B,0.72%
2/20/2022,"39,115.50","40,089.60","40,120.30","34,357.40",635.91K,-2.43%
2/13/2022,"40,090.30","42,205.50","44,722.60","39,505.00",376.77K,-5.01%
2/6/2022,"42,205.20","41,411.90","45,755.20","41,176.30",473.29K,1.92%
1/30/2022,"41,412.10","38,167.50","41,899.80","36,297.30",451.36K,8.49%
1/23/2022,"38,170.80","35,072.90","38,862.60","32,985.60",630.11K,8.83%
1/16/2022,"35,075.20","43,079.20","43,487.10","34,116.00",541.76K,-18.61%
1/9/2022,"43,097.00","41,681.20","44,404.70","39,697.00",391.26K,3.42%
1/2/2022,"41,672.00","47,738.70","47,944.90","40,574.30",446.80K,-12.71%
12/26/2021,"47,738.00","50,404.00","52,016.30","45,693.60",391.96K,-5.29%
12/19/2021,"50,406.40","46,855.70","51,795.30","45,577.30",343.62K,7.58%
12/12/2021,"46,856.20","49,332.50","50,779.20","45,513.40",446.80K,-4.98%
12/5/2021,"49,314.50","49,196.40","51,918.60","46,834.00",470.49K,0.24%
11/28/2021,"49,195.20","54,758.00","59,174.40","42,587.80",485.37K,-10.17%
11/21/2021,"54,765.90","59,724.00","60,002.60","53,533.50",512.69K,-8.29%
11/14/2021,"59,717.60","64,397.20","66,311.20","55,626.30",521.73K,-7.27%
11/7/2021,"64,398.60","61,483.80","68,990.60","61,347.20",451.59K,4.74%
10/31/2021,"61,483.90","61,842.20","64,256.40","59,612.70",375.25K,-0.58%
10/24/2021,"61,840.10","61,308.20","63,694.80","58,112.60",449.83K,0.86%
10/17/2021,"61,312.50","60,865.50","66,967.10","59,143.40",545.11K,0.74%
10/10/2021,"60,861.10","54,942.50","62,892.80","54,100.80",628.28K,10.77%
10/3/2021,"54,942.50","47,665.40","55,977.90","46,958.60",506.29K,15.26%
9/26/2021,"47,666.90","42,685.80","48,435.20","40,786.60",486.08K,11.67%
9/19/2021,"42,686.80","48,299.90","48,341.90","39,646.80",682.37K,-11.63%
9/12/2021,"48,306.70","45,162.60","48,761.00","43,463.20",428.09K,6.96%
9/5/2021,"45,161.90","49,918.70","52,885.30","43,072.40",635.39K,-9.53%
8/29/2021,"49,918.40","48,899.70","51,008.80","46,533.10",503.54K,2.09%
8/22/2021,"48,897.10","48,870.40","50,498.80","46,360.40",455.60K,0.04%
8/15/2021,"48,875.80","47,082.60","49,719.10","43,986.70",404.44K,3.81%
8/8/2021,"47,081.50","44,584.90","48,090.90","42,824.10",603.00K,5.53%
8/1/2021,"44,614.20","41,510.00","44,697.30","37,365.40",480.25K,7.37%
7/25/2021,"41,553.70","34,392.50","42,285.30","33,881.30",772.12K,22.85%
7/18/2021,"33,824.80","31,517.90","33,955.00","29,310.20",547.54K,7.32%
7/11/2021,"31,518.60","33,510.80","34,598.00","31,062.20",444.39K,-5.94%
7/4/2021,"33,510.60","34,742.80","35,957.60","32,146.90",538.72K,-3.55%
6/27/2021,"34,742.80","32,247.10","36,590.30","32,041.70",644.50K,7.75%
6/20/2021,"32,243.40","35,510.90","36,097.90","28,901.80",1.38M,-9.21%
6/13/2021,"35,513.40","35,467.50","41,318.00","34,827.00",869.90K,0.13%
6/6/2021,"35,467.50","35,518.70","38,340.80","31,158.10",955.16K,-0.15%
5/30/2021,"35,520.00","34,589.30","39,462.30","33,441.00",795.23K,2.70%
5/23/2021,"34,584.60","37,446.80","40,750.00","31,192.40",1.36M,-7.65%
5/16/2021,"37,448.30","46,729.30","49,764.30","30,261.70",2.10M,-19.83%
5/9/2021,"46,708.80","58,840.60","59,523.90","46,331.10",971.69K,-20.62%
5/2/2021,"58,840.10","57,807.20","59,471.10","53,741.50",714.62K,1.79%
4/25/2021,"57,807.10","50,088.20","58,449.40","47,098.50",650.34K,15.41%
4/18/2021,"50,088.90","60,043.20","60,362.10","47,659.40",1.12M,-16.58%
4/11/2021,"60,041.90","59,772.40","64,778.00","59,250.30",738.10K,0.49%
4/4/2021,"59,748.40","57,059.70","61,229.00","55,489.30",478.37K,4.71%
3/28/2021,"57,059.90","55,856.90","60,134.90","54,711.30",551.09K,2.14%
3/21/2021,"55,862.90","58,097.40","58,583.80","50,441.30",736.81K,-3.84%
3/14/2021,"58,093.40","61,192.70","61,673.70","53,342.60",705.78K,-5.07%
3/7/2021,"61,195.30","48,899.00","61,795.80","48,890.60",726.92K,25.26%
2/28/2021,"48,855.60","46,136.00","52,567.90","43,100.60",647.90K,5.89%
2/21/2021,"46,136.70","55,907.60","58,335.10","44,248.20",1.08M,-17.50%
2/14/2021,"55,923.70","47,172.10","57,523.80","45,786.10",880.27K,18.56%
2/7/2021,"47,168.70","39,228.90","48,927.40","37,381.60",1.12M,20.16%
1/31/2021,"39,256.60","34,281.60","40,939.70","32,189.90",844.34K,14.51%
1/24/2021,"34,283.10","32,088.50","38,546.00","29,290.40",1.38M,6.84%
1/17/2021,"32,088.90","36,020.10","37,821.00","28,871.20",1.14M,-10.91%
1/10/2021,"36,019.50","40,149.70","41,362.40","30,411.60",1.40M,-10.29%
1/3/2021,"40,151.90","32,192.90","41,921.70","28,204.50",1.57M,24.72%
12/27/2020,"32,193.30","26,460.30","33,233.50","25,858.20",962.22K,21.69%
12/20/2020,"26,454.40","23,843.60","26,826.00","22,015.50",805.84K,10.95%
12/13/2020,"23,844.00","18,808.10","24,107.10","18,716.80",1.01M,26.77%
12/6/2020,"18,808.90","19,146.00","19,424.60","17,600.10",642.93K,-1.76%
11/29/2020,"19,146.50","17,729.70","19,897.40","17,530.40",883.70K,7.99%
11/22/2020,"17,730.70","18,394.60","19,486.70","16,235.20",1.15M,-5.12%
11/15/2020,"18,687.20","16,074.70","18,966.00","15,782.30",985.86K,16.28%
11/8/2020,"16,071.00","14,826.60","16,474.10","14,720.70",849.61K,8.38%
11/1/2020,"14,828.40","13,795.50","15,955.20","13,214.20",969.23K,7.47%
10/25/2020,"13,797.30","13,117.00","14,065.40","12,792.40",737.16K,5.18%
10/18/2020,"13,117.20","11,362.10","13,213.50","11,349.80",649.57K,15.45%
10/11/2020,"11,362.10","11,295.60","11,715.90","11,224.60",458.66K,0.56%
10/4/2020,"11,298.40","10,544.40","11,475.00","10,520.80",415.50K,7.15%
9/27/2020,"10,544.20","10,727.90","10,946.60","10,387.60",473.68K,-1.71%
9/20/2020,"10,727.90","11,081.60","11,081.60","10,146.60",521.93K,-3.19%
9/13/2020,"11,081.80","10,441.70","11,177.10","10,219.40",552.84K,6.13%
9/6/2020,"10,441.90","10,092.20","10,480.30","9,877.10",24.92M,3.47%
8/30/2020,"10,092.20","11,468.10","12,045.90","9,897.80",56.56M,-12.00%
8/23/2020,"11,468.10","11,661.10","11,824.60","11,131.00",3.40M,-1.66%
8/16/2020,"11,661.30","11,845.50","12,444.10","11,382.10",3.65M,-1.55%
8/9/2020,"11,845.30","11,764.40","12,041.10","11,146.70",3.46M,0.69%
8/2/2020,"11,764.30","11,802.60","12,061.10","10,730.70",3.74M,-0.33%
7/26/2020,"11,803.10","10,961.10","11,847.70","10,771.80",4.12M,21.63%
7/19/2020,"9,704.10","9,170.10","9,729.30","9,106.40",2.56M,5.82%
7/12/2020,"9,170.20","9,234.20","9,337.80","9,052.00",2.76M,-0.68%
7/5/2020,"9,233.30","9,134.30","9,458.30","8,932.10",3.03M,1.08%
6/28/2020,"9,134.40","9,008.40","9,289.00","8,950.20",2.61M,1.40%
6/21/2020,"9,008.30","9,358.80","9,751.90","8,865.30",3.24M,-3.74%
6/14/2020,"9,358.80","9,470.70","9,577.10","8,925.60",3.38M,-1.19%
6/7/2020,"9,471.30","9,669.60","9,970.90","9,139.10",3.94M,-2.05%
5/31/2020,"9,669.60","9,692.90","10,301.80","9,347.30",4.72M,-0.24%
5/24/2020,"9,692.50","9,177.90","9,729.90","8,666.10",6.17M,5.62%
5/17/2020,"9,177.00","9,376.60","9,930.20","8,833.60",7.89M,-2.16%
5/10/2020,"9,379.50","9,553.90","9,887.50","8,235.60",12.52M,-1.83%
5/3/2020,"9,554.60","8,966.20","10,033.00","8,553.20",9.63M,6.56%
4/26/2020,"8,966.30","7,540.40","9,437.50","7,520.50",8.77M,18.91%
4/19/2020,"7,540.40","7,230.90","7,684.60","6,771.20",12.22M,4.28%
4/12/2020,"7,230.80","6,867.90","7,259.40","6,520.50",7.48M,5.29%
4/5/2020,"6,867.80","6,857.50","7,440.30","6,686.00",8.36M,0.15%
3/29/2020,"6,857.40","6,233.20","7,182.70","5,872.50",9.18M,10.01%
3/22/2020,"6,233.70","6,186.90","6,930.20","5,710.80",10.15M,0.77%
3/15/2020,"6,186.20","5,182.90","6,858.10","4,477.70",14.45M,19.36%
3/8/2020,"5,182.70","8,887.80","8,888.00","3,869.50",16.09M,-41.69%
3/1/2020,"8,887.80","8,543.80","9,180.80","8,437.20",6.44M,4.03%
2/23/2020,"8,543.70","9,655.60","9,981.00","8,451.90",7.28M,-11.52%
2/16/2020,"9,655.70","9,907.40","10,230.90","9,424.30",5.93M,-2.54%
2/9/2020,"9,907.70","9,895.40","10,482.60","9,725.10",5.39M,0.12%
2/2/2020,"9,895.50","9,381.50","9,931.20","9,381.50",4.78M,5.48%
1/26/2020,"9,381.60","8,341.60","9,569.00","8,304.90",4.89M,12.47%
1/19/2020,"8,341.60","8,916.30","9,183.70","8,242.60",4.60M,-6.45%
1/12/2020,"8,916.30","8,023.30","9,005.10","7,973.10",6.33M,11.12%
1/5/2020,"8,024.10","7,376.80","8,436.40","7,345.60",6.53M,8.78%
12/29/2019,"7,376.80","7,321.60","7,518.90","6,884.10",4.70M,0.75%
12/22/2019,"7,321.50","7,156.30","7,684.00","7,128.50",5.29M,2.31%
12/15/2019,"7,156.20","7,080.80","7,387.70","6,462.20",5.22M,1.07%
12/8/2019,"7,080.80","7,510.80","7,626.00","7,043.30",3.88M,-5.73%
12/1/2019,"7,510.90","7,546.50","7,702.20","7,113.60",5.17M,-0.47%
11/24/2019,"7,546.60","7,325.00","7,825.30","6,534.80",6.29M,3.04%
11/17/2019,"7,324.10","8,497.40","8,631.70","6,818.50",6.19M,-13.81%
11/10/2019,"8,497.30","8,804.70","9,092.90","8,437.10",4.02M,-3.49%
11/3/2019,"8,804.50","9,300.50","9,500.40","8,722.40",4.63M,-5.33%
10/27/2019,"9,300.60","9,230.60","9,866.90","8,959.60",6.08M,0.76%
10/20/2019,"9,230.60","7,957.40","10,540.00","7,329.20",4.23M,16.00%
10/13/2019,"7,957.30","8,304.30","8,450.20","7,842.00",3.38M,-4.18%
10/6/2019,"8,304.40","8,127.30","8,751.10","7,797.00",4.00M,2.18%
9/29/2019,"8,127.30","8,208.00","8,486.20","7,749.00",3.23M,-0.99%
9/22/2019,"8,208.50","9,993.00","10,075.00","7,773.60",4.23M,-17.86%
9/15/2019,"9,993.00","10,337.30","10,360.50","9,707.60",2.51M,-3.33%
9/8/2019,"10,337.30","10,461.60","10,578.00","9,908.90",2.74M,-1.18%
9/1/2019,"10,461.10","9,594.70","10,896.20","9,533.60",3.62M,9.03%
8/25/2019,"9,594.40","10,132.10","10,568.20","9,343.00",3.29M,-5.30%
8/18/2019,"10,131.00","10,219.30","10,941.60","9,777.00",3.57M,-0.85%
8/11/2019,"10,218.10","11,314.60","11,728.40","9,580.10",4.62M,-9.69%
8/4/2019,"11,314.50","10,816.10","12,291.90","10,568.80",4.55M,4.61%
7/28/2019,"10,815.70","9,491.10","10,893.60","9,401.10",3.89M,13.94%
7/21/2019,"9,492.10","10,827.00","10,883.80","9,389.10",4.02M,-12.33%
7/14/2019,"10,826.70","11,364.30","11,448.70","9,082.60",6.29M,-4.74%
7/7/2019,"11,364.90","11,267.90","13,134.40","10,839.40",5.64M,0.86%
6/30/2019,"11,268.00","11,906.00","12,179.30","9,728.50",6.41M,-5.36%
6/23/2019,"11,906.50","10,721.50","13,929.80","10,493.50",7.21M,11.05%
6/16/2019,"10,721.70","8,812.20","11,160.50","8,771.10",5.15M,21.66%
6/9/2019,"8,812.50","7,901.60","8,856.70","7,516.90",4.24M,11.53%
6/2/2019,"7,901.40","8,545.80","8,807.70","7,480.40",4.88M,-7.54%
5/26/2019,"8,545.70","8,029.60","9,045.90","7,866.50",20.69M,6.46%
5/19/2019,"8,027.40","7,261.90","8,253.40","7,252.30",6.20M,10.53%
5/12/2019,"7,262.60","7,190.00","8,323.90","6,802.60",9.03M,1.01%
5/5/2019,"7,190.30","5,830.80","7,373.80","5,630.50",5.78M,23.31%
4/28/2019,"5,830.90","5,265.70","5,899.20","5,188.90",5.56M,10.73%
4/21/2019,"5,265.90","5,290.20","5,594.40","5,137.40",6.56M,-0.46%
4/14/2019,"5,290.20","5,052.00","5,327.00","4,964.20",4.90M,4.72%
4/7/2019,"5,051.80","5,046.10","5,404.10","4,889.20",5.83M,0.11%
3/31/2019,"5,046.20","4,111.80","5,278.40","4,076.80",36.99M,22.73%
3/24/2019,"4,111.80","4,002.60","4,138.10","3,897.90",19.14M,2.73%
3/17/2019,"4,002.50","4,006.40","4,064.00","3,923.80",20.06M,-0.10%
3/10/2019,"4,006.40","3,944.40","4,050.60","3,817.10",19.44M,1.57%
3/3/2019,"3,944.30","3,823.20","3,964.00","3,681.80",19.19M,3.17%
2/24/2019,"3,823.10","4,120.50","4,194.20","3,701.90",12.42M,-7.21%
2/17/2019,"4,120.40","3,616.80","4,152.60","3,607.90",5.61M,13.92%
2/10/2019,"3,616.80","3,661.00","3,681.10","3,580.20",3.65M,-1.22%
2/3/2019,"3,661.40","3,502.30","3,721.10","3,382.50",3.78M,4.54%
1/27/2019,"3,502.50","3,570.90","3,583.20","3,368.20",3.68M,-1.92%
1/20/2019,"3,570.90","3,676.20","3,699.10","3,465.20",3.16M,-2.91%
1/13/2019,"3,677.80","3,597.30","3,715.20","3,473.20",3.50M,2.24%
1/6/2019,"3,597.20","3,785.70","4,070.50","3,561.30",3.80M,-4.97%
12/30/2018,"3,785.40","3,708.20","3,894.80","3,658.80",3.52M,2.12%
12/23/2018,"3,706.80","3,964.30","4,208.20","3,560.80",4.18M,-6.50%
12/16/2018,"3,964.40","3,228.60","4,153.10","3,225.90",4.77M,22.79%
12/9/2018,"3,228.70","3,430.30","3,677.60","3,177.00",2.82M,-5.88%
12/2/2018,"3,430.40","4,196.20","4,316.10","3,251.80",2.98M,-18.25%
11/25/2018,"4,196.20","3,920.30","4,440.10","3,634.20",3.46M,7.03%
11/18/2018,"3,920.40","5,621.00","5,727.90","3,821.50",2.69M,-30.26%
11/11/2018,"5,621.80","6,427.10","6,475.90","5,384.10",1.64M,-12.53%
11/4/2018,"6,427.10","6,386.20","6,594.30","6,359.70",1.04M,0.64%
10/28/2018,"6,386.20","6,494.60","6,502.20","6,257.80",897.36K,-1.66%
10/21/2018,"6,494.20","6,575.90","6,643.10","6,473.70",685.44K,-1.19%
10/14/2018,"6,572.20","6,321.60","7,358.40","6,300.00",1.21M,3.96%
10/7/2018,"6,321.70","6,596.30","6,699.50","6,206.20",907.69K,-4.16%
9/30/2018,"6,596.30","6,603.90","6,682.30","6,034.90",64.74M,-0.12%
9/23/2018,"6,603.90","6,729.60","6,809.20","5,977.00",59.02M,-1.87%
9/16/2018,"6,729.60","6,519.00","6,833.30","6,144.50",33.27M,3.23%
9/9/2018,"6,519.00","6,184.30","6,867.30","6,148.80",22.18M,5.41%
9/2/2018,"6,184.30","7,189.60","7,409.90","6,132.30",26.79M,-13.98%
8/26/2018,"7,189.60","6,734.90","7,264.30","6,573.10",26.36M,6.75%
8/19/2018,"6,734.80","6,379.10","6,840.80","6,255.90",20.84M,5.58%
8/12/2018,"6,379.10","6,232.10","6,626.40","5,898.30",17.63M,2.37%
8/5/2018,"6,231.60","7,014.00","7,149.70","6,009.80",1.71M,-11.16%
7/29/2018,"7,014.30","8,231.50","8,275.40","6,949.70",1.55M,-14.81%
7/22/2018,"8,234.10","7,409.00","8,484.60","7,343.70",1.80M,11.14%
7/15/2018,"7,408.70","6,254.80","7,683.60","6,238.50",1.92M,18.45%
7/8/2018,"6,254.80","6,765.40","6,793.80","6,088.80",1.88M,-7.55%
7/1/2018,"6,765.50","6,398.50","6,805.90","6,398.50",1.03M,5.73%
6/24/2018,"6,398.90","6,167.90","6,498.50","5,785.30",1.34M,3.76%
6/17/2018,"6,167.30","6,505.80","6,839.50","5,955.00",988.81K,-5.20%
6/10/2018,"6,505.80","7,515.80","7,516.30","6,129.10",1.32M,-13.44%
6/3/2018,"7,515.80","7,646.60","7,775.00","7,391.00",868.03K,-1.71%
5/27/2018,"7,646.60","7,361.90","7,694.50","7,069.80",984.53K,3.88%
5/20/2018,"7,361.30","8,243.90","8,597.40","7,293.40",1.08M,-10.72%
5/13/2018,"8,245.10","8,483.60","8,758.40","8,055.50",1.14M,-2.53%
5/6/2018,"8,459.50","9,859.40","9,957.70","8,184.10",1.26M,-14.15%
4/29/2018,"9,853.50","9,352.20","9,992.80","8,851.00",1.17M,5.36%
4/22/2018,"9,352.40","8,923.60","9,753.10","8,669.80",1.60M,4.81%
4/15/2018,"8,923.10","8,004.60","9,027.70","7,852.80",1.27M,11.48%
4/8/2018,"8,004.40","6,905.90","8,228.00","6,633.20",1.51M,15.91%
4/1/2018,"6,905.70","6,939.10","7,519.30","6,460.10",1.50M,-0.47%
3/25/2018,"6,938.20","8,549.10","8,679.00","6,603.80",1.80M,-18.83%
3/18/2018,"8,547.40","7,873.20","9,173.40","7,323.30",1.75M,8.54%
3/11/2018,"7,874.90","8,732.20","9,892.20","7,691.70",1.84M,-10.12%
3/4/2018,"8,762.00","11,402.80","11,506.90","8,351.00",1.66M,-23.16%
2/25/2018,"11,402.30","9,703.10","11,420.70","9,330.10",1.41M,17.50%
2/18/2018,"9,704.30","11,073.70","11,791.50","9,394.50",1.93M,-12.36%
2/11/2018,"11,073.50","8,559.70","11,095.90","7,843.70",1.64M,29.37%
2/4/2018,"8,559.60","9,241.50","9,382.10","8,559.60",3.00M,-7.37%
1/28/2018,"9,241.10","11,471.20","12,112.70","7,915.80",1.89M,-19.41%
1/21/2018,"11,467.50","12,857.10","12,860.20","10,056.60",1.33M,-10.82%
1/14/2018,"12,858.90","14,291.90","14,446.10","12,858.90",1.39M,-10.03%
1/7/2018,"14,292.20","17,174.50","17,184.80","13,048.30",691.25K,-16.77%
12/31/2017,"17,172.30","12,532.40","17,252.80","12,359.40",770.83K,37.03%
12/24/2017,"12,531.50","14,396.60","16,514.60","11,962.10",1.04M,-12.95%
12/17/2017,"14,396.50","19,346.60","19,870.60","10,875.70",1.46M,-25.58%
12/10/2017,"19,345.50","14,840.00","19,587.70","13,031.00",1.02M,30.33%
12/3/2017,"14,843.40","10,912.70","17,294.80","10,578.40",1.26M,36.02%
11/26/2017,"10,912.70","8,754.60","11,417.80","8,746.60",919.63K,24.65%
11/19/2017,"8,754.70","7,781.00","8,762.00","7,675.40",551.27K,12.51%
11/12/2017,"7,780.90","6,339.90","8,000.20","5,493.60",1.00M,22.73%
11/5/2017,"6,339.90","7,363.80","7,869.10","6,197.90",1.07M,-13.91%
10/29/2017,"7,363.80","5,726.60","7,492.20","5,679.40",976.41K,28.59%
10/22/2017,"5,726.60","6,006.60","6,070.60","5,375.60",722.59K,-4.66%
10/15/2017,"6,006.60","5,824.70","6,187.20","5,114.90",670.51K,3.12%
10/8/2017,"5,824.70","4,435.80","5,852.80","4,419.40",805.69K,31.31%
10/1/2017,"4,435.80","4,360.60","4,477.40","4,143.40",443.24K,1.72%
9/24/2017,"4,360.60","3,788.00","4,383.30","3,633.90",588.23K,15.12%
9/17/2017,"3,788.00","3,698.90","4,122.80","3,485.80",781.52K,2.41%
9/10/2017,"3,698.90","4,335.10","4,387.80","2,979.90",1.43M,-14.68%
9/3/2017,"4,335.10","4,573.80","4,719.80","4,004.60",870.55K,-5.22%
8/27/2017,"4,573.80","4,352.30","4,976.50","4,195.20",622.35K,5.09%
8/20/2017,"4,352.30","4,150.50","4,461.70","3,612.20",628.02K,4.86%
8/13/2017,"4,150.50","3,871.60","4,487.50","3,837.10",997.13K,7.20%
8/6/2017,"3,871.60","3,262.80","3,967.30","3,166.50",644.93K,18.66%
7/30/2017,"3,262.80","2,733.50","3,344.00","2,621.70",675.09K,19.36%
7/23/2017,"2,733.50","2,836.50","2,856.70","2,441.50",859.86K,-3.63%
7/16/2017,"2,836.50","1,975.10","2,932.80","1,809.00",1.35M,43.62%
7/9/2017,"1,975.10","2,564.90","2,576.70","1,974.00",777.01K,-22.99%
7/2/2017,"2,564.90","2,424.60","2,658.70","2,375.90",526.68K,5.78%
6/25/2017,"2,424.60","2,590.10","2,660.70","2,309.60",737.13K,-6.39%
6/18/2017,"2,590.10","2,655.10","2,804.40","2,488.60",623.37K,-2.45%
6/11/2017,"2,655.10","2,900.30","2,985.10","2,125.60",1.07M,-8.45%
6/4/2017,"2,900.30","2,545.40","2,931.20","2,478.20",710.05K,13.94%
5/28/2017,"2,545.40","2,052.40","2,582.80","2,051.10",732.63K,24.02%
5/21/2017,"2,052.40","2,040.20","2,781.80","1,868.60",1.18M,0.60%
5/14/2017,"2,040.20","1,763.70","2,048.40","1,653.70",552.75K,15.67%
5/7/2017,"1,763.70","1,545.30","1,864.80","1,495.20",689.31K,14.14%
4/30/2017,"1,545.30","1,336.30","1,609.80","1,309.70",609.50K,15.64%
4/23/2017,"1,336.30","1,240.90","1,356.20","1,223.10",364.25K,7.69%
4/16/2017,"1,240.90","1,177.00","1,257.00","1,166.70",301.86K,5.43%
4/9/2017,"1,177.00","1,180.80","1,229.60",841.5,309.20K,-0.32%
4/2/2017,"1,180.80","1,086.10","1,201.60","1,074.20",495.23K,8.72%
3/26/2017,"1,086.10",966.3,"1,103.70",946.7,542.07K,12.40%
3/19/2017,966.3,971.4,"1,125.50",890.4,691.92K,-0.52%
3/12/2017,971.4,"1,179.20","1,260.20",940.2,700.54K,-17.63%
3/5/2017,"1,179.20","1,264.30","1,330.40",988.7,563.14K,-6.73%
2/26/2017,"1,264.30","1,149.10","1,291.30","1,130.60",352.15K,10.03%
2/19/2017,"1,149.10","1,052.30","1,211.70","1,037.70",373.70K,9.20%
2/12/2017,"1,052.30","1,008.30","1,063.20",975.1,219.71K,4.36%
2/5/2017,"1,008.30","1,031.80","1,073.00",924.7,404.97K,-2.28%
1/29/2017,"1,031.80",918.5,"1,041.00",911.5,282.01K,12.34%
1/22/2017,918.5,919.8,938.4,883.6,256.52K,-0.14%
1/15/2017,919.8,819.6,928.9,808.6,346.77K,12.23%
1/8/2017,819.6,888.9,936.1,739.5,641.94K,-7.79%
1/1/2017,888.9,963.4,"1,150.60",806.7,1.65M,-7.73%
12/25/2016,963.4,891.1,982.6,851.4,367.77K,8.11%
12/18/2016,891.1,787.2,920.5,783.8,358.58K,13.20%
12/11/2016,787.2,774,791.6,763,181.20K,1.70%
12/4/2016,774,764.2,777,746,209.60K,1.28%
11/27/2016,764.2,734.1,779,727.1,283.01K,4.10%
11/20/2016,734.1,747.9,754,712.8,250.91K,-1.84%
11/13/2016,747.9,704.3,755.3,685,322.97K,6.19%
11/6/2016,704.3,702.1,741.2,697.6,253.50K,0.31%
10/30/2016,702.1,715,744.4,670.4,351.15K,-1.80%
10/23/2016,715,655.5,720.2,645.7,279.12K,9.07%
10/16/2016,655.5,637,659.9,624.1,186.59K,2.90%
10/9/2016,637,617.7,642.5,612.8,190.80K,3.14%
10/2/2016,617.7,613.4,619.6,606.5,154.85K,0.69%
9/25/2016,613.4,602.6,615,598.2,151.47K,1.80%
9/18/2016,602.6,607.1,612.4,591.7,158.87K,-0.74%
9/11/2016,607.1,624.5,630.8,592.8,176.68K,-2.79%
9/4/2016,624.5,598.8,629.3,590.8,190.28K,4.29%
8/28/2016,598.8,570.3,705,569.2,177.29K,5.00%
8/21/2016,570.3,582.6,591.9,567.3,180.45K,-2.10%
8/14/2016,582.6,584.6,585.8,559.3,216.33K,-0.34%
8/7/2016,584.6,586.5,600.5,580.9,211.25K,-0.32%
7/31/2016,586.5,654.7,654.9,471.4,444.48K,-10.43%
7/24/2016,654.7,655.2,664.2,643.5,217.98K,-0.06%
7/17/2016,655.2,660.7,680.9,645.7,285.32K,-0.84%
7/10/2016,660.7,651.8,673.2,636.8,309.16K,1.36%
7/3/2016,651.8,698.1,701.5,605,590.38K,-6.62%
6/26/2016,698.1,663.5,700.5,609.9,593.43K,5.21%
6/19/2016,663.5,753.8,765.1,539.3,1.18M,-11.97%
6/12/2016,753.8,591.6,776,592.8,1.21M,27.41%
6/5/2016,591.6,572,592.6,543.6,398.83K,3.44%
5/29/2016,572,524.2,592.7,493.2,663.12K,9.10%
5/22/2016,524.2,443.6,531.8,436.9,459.13K,18.16%
5/15/2016,443.6,456.4,460.3,435.4,255.85K,-2.80%
5/8/2016,456.4,458.5,464.2,446.8,277.91K,-0.44%
5/1/2016,458.5,448.5,461.5,440.2,326.08K,2.21%
4/24/2016,448.5,450.1,468.9,433.9,476.55K,-0.34%
4/17/2016,450.1,430,451.5,423.8,333.40K,4.66%
4/10/2016,430,418,432,416.7,269.29K,2.87%
4/3/2016,418,418.5,423.7,412.4,242.22K,-0.11%
3/27/2016,418.5,416.5,427.4,406.4,328.93K,0.48%
3/20/2016,416.5,408.7,419.6,407.2,264.86K,1.91%
3/13/2016,408.7,410.4,419.6,402.1,324.33K,-0.41%
3/6/2016,410.4,399,422.4,393.1,405.06K,2.85%
2/28/2016,399,431.3,441.3,386.9,528.15K,-7.49%
2/21/2016,431.3,440.1,447.6,410.4,466.28K,-1.99%
2/14/2016,440.1,390.1,442.7,390.1,559.58K,12.81%
2/7/2016,390.1,376.7,392.6,371.4,420.40K,3.56%
1/31/2016,376.7,377.8,391.8,365.3,465.80K,-0.29%
1/24/2016,377.8,388.6,405.4,363.5,484.64K,-2.79%
1/17/2016,388.6,385,425.7,373.2,688.23K,0.93%
1/10/2016,385,448.3,451.1,350.4,735.95K,-14.11%
1/3/2016,448.3,433.7,462.9,423.1,457.61K,3.36%
12/27/2015,433.7,415.4,438,406.1,420.60K,4.42%
12/20/2015,415.4,461.2,462.8,400.5,703.13K,-9.94%
12/13/2015,461.2,432.3,466.1,420.8,784.64K,6.69%
12/6/2015,432.3,386.7,467.7,381.7,908.49K,11.79%
11/29/2015,386.7,355.8,390.3,347.2,664.46K,8.67%
11/22/2015,355.8,324.7,368.9,315.5,578.86K,9.59%
11/15/2015,324.7,331.8,342.9,309.5,593.42K,-2.13%
11/8/2015,331.8,385.1,389.8,292.4,1.03M,-13.85%
11/1/2015,385.1,311.2,492.8,304.7,1.90M,23.73%
10/25/2015,311.2,282.6,334.9,279.6,810.63K,10.15%
10/18/2015,282.6,269.6,283,259.5,468.08K,4.81%
10/11/2015,269.6,245.4,275.4,243.1,495.94K,9.88%
10/4/2015,245.4,238.6,277.6,236.4,358.23K,2.84%
9/27/2015,238.6,234.3,240.4,231.8,352.36K,1.83%
9/20/2015,234.3,231.1,237.6,224.1,375.71K,1.38%
9/13/2015,231.1,235.6,242.8,225.1,357.82K,-1.91%
9/6/2015,235.6,233.7,246.4,233.3,419.16K,0.83%
8/30/2015,233.7,228.5,235.6,224.2,383.82K,2.26%
8/23/2015,228.5,229.5,234.8,196.3,723.79K,-0.45%
8/16/2015,229.5,260.5,261.9,214.3,680.08K,-11.89%
8/9/2015,260.5,258.6,271.5,258.6,361.86K,0.74%
8/2/2015,258.6,280.5,285.7,257.4,323.31K,-7.80%
7/26/2015,280.5,288.7,296.7,276.3,333.87K,-2.86%
7/19/2015,288.7,274,291.2,271.8,319.49K,5.36%
7/12/2015,274,292,315.9,243.2,626.53K,-6.14%
7/5/2015,292,260.5,298.8,257.6,437.97K,12.06%
6/28/2015,260.5,250.7,268.7,246.6,430.54K,3.92%
6/21/2015,250.7,245,251.6,239.1,290.96K,2.35%
6/14/2015,245,232.5,258.5,232.1,554.57K,5.38%
6/7/2015,232.5,224.7,233.1,222.2,327.87K,3.44%
5/31/2015,224.7,233.2,234,221,364.19K,-3.64%
5/24/2015,233.2,238.9,242.4,231.6,258.05K,-2.39%
5/17/2015,238.9,236.2,242,231.3,325.28K,1.15%
5/10/2015,236.2,241.4,244.8,232.4,369.77K,-2.14%
5/3/2015,241.4,235.3,247.9,228.2,547.71K,2.57%
4/26/2015,235.3,226.1,242.6,214.1,560.49K,4.07%
4/19/2015,226.1,223.4,238.4,221.6,382.29K,1.25%
4/12/2015,223.4,236.5,237.5,214.3,518.95K,-5.55%
4/5/2015,236.5,252.9,261.5,231.3,458.58K,-6.49%
3/29/2015,252.9,252,256.5,236.6,489.10K,0.35%
3/22/2015,252,259.7,271,234.8,627.70K,-2.96%
3/15/2015,259.7,281.6,294,247,662.73K,-7.77%
3/8/2015,281.6,274.9,301,271.3,720.71K,2.43%
3/1/2015,274.9,254.1,287.1,244.8,719.39K,8.21%
2/22/2015,254.1,244.4,258.7,231.3,479.59K,3.95%
2/15/2015,244.4,258.6,264.6,226.6,703.12K,-5.50%
2/8/2015,258.6,227.7,261.3,214.4,574.78K,13.60%
2/1/2015,227.7,218.5,247.5,209.7,331.42K,4.20%
1/25/2015,218.5,248.2,310.9,216.5,414.80K,-11.95%
1/18/2015,248.2,199.6,248.9,192.5,277.73K,24.30%
1/11/2015,199.6,273.4,278,157.3,536.80K,-26.96%
1/4/2015,273.4,287.1,296.1,255.9,252.20K,-4.80%
12/28/2014,287.1,315.3,322.8,284.9,158.96K,-8.95%
12/21/2014,315.3,330.4,339.3,312,161.65K,-4.54%
12/14/2014,330.4,348.2,351.6,303.4,266.58K,-5.14%
12/7/2014,348.2,376.3,377.9,337.8,200.16K,-7.45%
11/30/2014,376.3,376.3,384.9,366.2,146.15K,0.00%
11/23/2014,376.3,352,395.7,352.6,246.59K,6.89%
11/16/2014,352,374.9,412.3,343.8,147.31K,-6.10%
11/9/2014,374.9,343.5,480.5,341.8,197.01K,9.12%
11/2/2014,343.5,325.4,351.6,319.8,95.14K,5.56%
10/26/2014,325.4,346.7,356.8,320.7,87.78K,-6.14%
10/19/2014,346.7,390.9,394.5,341.5,89.27K,-11.30%
10/12/2014,390.9,361.2,407.7,352.3,132.96K,8.21%
10/5/2014,361.2,335.3,384.6,294.9,200.89K,7.72%
9/28/2014,335.3,399,402.3,327.1,123.42K,-15.96%
9/21/2014,399,411.5,445.5,394.5,99.72K,-3.04%
9/14/2014,411.5,478.2,480.3,386.1,62.05K,-13.94%
9/7/2014,478.2,484.5,491,467.5,44.00K,-1.30%
8/31/2014,484.5,506,508.3,470.5,44.41K,-4.25%
8/24/2014,506,497.7,527.4,496.8,23.33K,1.66%
8/17/2014,497.7,522,537.2,450,35.33K,-4.66%
8/10/2014,522,589.5,596.6,483.2,31.57K,-11.45%
8/3/2014,589.5,591.7,608.2,580.6,18.80K,-0.37%
7/27/2014,591.7,596,604,564,31.26K,-0.72%
7/20/2014,596,627,628.8,593.3,24.42K,-4.95%
7/13/2014,627,635.9,638.6,610,21.18K,-1.39%
7/6/2014,635.9,623,638.6,607.3,21.67K,2.08%
6/29/2014,623,597.6,652.5,593.2,26.47K,4.25%
6/22/2014,597.6,597,610.1,565.8,21.33K,0.09%
6/15/2014,597,583.4,614.4,560.8,24.28K,2.33%
6/8/2014,583.4,651.7,663,563.7,31.06K,-10.47%
6/1/2014,651.7,627.9,676.5,602.1,28.41K,3.78%
5/25/2014,627.9,520.5,629,520.5,26.11K,20.65%
5/18/2014,520.5,452.8,540.9,437.3,14.84K,14.95%
5/11/2014,452.8,451.9,455.9,429,13.76K,0.20%
5/4/2014,451.9,438.6,459.5,420.2,20.89K,3.02%
4/27/2014,438.6,457.9,464.5,420.8,29.46K,-4.20%
4/20/2014,457.9,506,524.7,438.3,43.03K,-9.52%
4/13/2014,506,437.6,549,409.9,53.39K,15.62%
4/6/2014,437.6,456.6,485.1,355.7,29.33K,-4.16%
3/30/2014,456.6,477.1,487.4,386.7,24.11K,-4.29%
3/23/2014,477.1,564.3,575.4,453.8,27.56K,-15.46%
3/16/2014,564.3,624,627.3,537.2,25.94K,-9.57%
3/9/2014,624,609.2,640.8,594.7,21.08K,2.43%
3/2/2014,609.2,557.4,695.4,541.5,11.29K,9.30%
2/23/2014,557.4,255.6,650,102.3,166.11K,118.08%
2/16/2014,255.6,371.1,540,91.7,474.94K,-31.12%
2/9/2014,371.1,648.8,700,302.2,243.42K,-42.80%
2/2/2014,648.8,940.4,959.6,632.1,107.92K,-31.01%
1/26/2014,940.4,961,"1,038.10",909.5,51.59K,-2.15%
1/19/2014,961,905.7,980.5,901.9,45.70K,6.11%
1/12/2014,905.7,"1,005.30","1,022.70",867.2,52.66K,-9.91%
1/5/2014,"1,005.30",924.7,"1,093.40",858.9,113.16K,8.72%
12/29/2013,924.7,762,932.2,735,74.20K,21.35%
12/22/2013,762,640.5,836.8,615,93.74K,18.97%
12/15/2013,640.5,908.9,927.9,454.9,293.97K,-29.54%
12/8/2013,908.9,697,"1,067.70",653,144.17K,30.40%
12/1/2013,697,"1,205.70","1,239.90",576,362.23K,-42.19%
11/24/2013,"1,205.70",832.5,"1,241.90",745.2,213.00K,44.82%
11/17/2013,832.5,462,900.9,453.3,379.68K,80.21%
11/10/2013,462,367.8,476.9,290,228.96K,25.60%
11/3/2013,367.8,211.7,395,212.1,294.92K,73.74%
10/27/2013,211.7,188.6,216.5,188.9,63.77K,12.27%
10/20/2013,188.6,183.1,233.4,175.3,254.87K,2.95%
10/13/2013,183.1,142.9,195.8,141.5,201.72K,28.18%
10/6/2013,142.9,136.7,143.1,134.1,64.32K,4.53%
9/29/2013,136.7,142.5,145.8,109.7,212.39K,-4.07%
9/22/2013,142.5,134.4,143,131,77.32K,6.04%
9/15/2013,134.4,136.7,142.2,131,73.34K,-1.70%
9/8/2013,136.7,129,145.9,124,137.01K,5.98%
9/1/2013,129,141,148.9,121.3,130.89K,-8.52%
8/25/2013,141,119.6,148.7,119.1,170.74K,17.89%
8/18/2013,119.6,112.8,125,111.8,160.00K,6.08%
8/11/2013,112.8,103,115,102.7,139.76K,9.47%
8/4/2013,103,104.9,107.8,101,82.99K,-1.86%
7/28/2013,104.9,94.4,111.7,94,191.74K,11.18%
7/21/2013,94.4,89.8,97.5,88,105.87K,5.10%
7/14/2013,89.8,98.3,101.9,86.2,177.26K,-8.65%
7/7/2013,98.3,69.7,104.2,66.6,366.12K,41.14%
6/30/2013,69.7,95,98.2,65.4,358.77K,-26.67%
6/23/2013,95,108.2,110,92.3,234.92K,-12.20%
6/16/2013,108.2,99.8,115,98.9,190.47K,8.42%
6/9/2013,99.8,107.9,112.3,88,336.61K,-7.50%
6/2/2013,107.9,129.3,130.1,106.2,273.71K,-16.56%
5/26/2013,129.3,132,136,124,159.87K,-2.04%
5/19/2013,132,123.2,134,119.5,157.31K,7.13%
5/12/2013,123.2,115.6,125.6,103,399.53K,6.55%
5/5/2013,115.6,112.9,124.9,97.5,568.14K,2.43%
4/28/2013,112.9,128,149.1,79,956.24K,-11.80%
4/21/2013,128,126.6,166.4,110,876.87K,1.09%
4/14/2013,126.6,93,136.4,50,1.81M,36.15%
4/7/2013,93,142.6,266,54.3,1.38M,-34.80%
3/31/2013,142.6,92.2,147,91,520.93K,54.71%
3/24/2013,92.2,64.3,95.7,62.7,511.38K,43.26%
3/17/2013,64.3,47,74.9,46.8,602.06K,36.91%
3/10/2013,47,46.8,48.5,36.7,384.32K,0.32%
3/3/2013,46.8,34.3,49.1,33.3,520.06K,36.79%
2/24/2013,34.3,29.8,34.9,29.2,327.36K,14.93%
2/17/2013,29.8,27.2,31.3,25,417.66K,9.48%
2/10/2013,27.2,23.6,27.6,21.7,466.62K,15.10%
2/3/2013,23.6,19.6,24,19.4,318.71K,20.48%
1/27/2013,19.6,17.9,21.4,17.2,442.23K,9.79%
1/20/2013,17.9,15.6,19.2,15.4,485.49K,14.47%
1/13/2013,15.6,14.2,16,13.9,313.71K,9.69%
1/6/2013,14.2,13.4,14.4,13.4,228.80K,5.95%
12/30/2012,13.4,13.4,13.6,13.2,142.19K,0.00%
12/23/2012,13.4,13.4,13.7,13,139.46K,0.00%
12/16/2012,13.4,13.5,13.7,12.8,241.51K,-0.89%
12/9/2012,13.5,13.4,13.9,13,228.09K,0.52%
12/2/2012,13.4,12.6,13.7,12.4,226.35K,6.85%
11/25/2012,12.6,12.4,12.7,11.9,189.37K,1.21%
11/18/2012,12.4,11.8,12.5,11.6,184.00K,5.26%
11/11/2012,11.8,10.9,11.8,10.7,202.40K,8.26%
11/4/2012,10.9,10.6,11.2,10.5,151.53K,2.35%
10/28/2012,10.6,10.3,11.3,10.3,218.24K,3.70%
10/21/2012,10.3,11.7,12,9.7,354.68K,-12.61%
10/14/2012,11.7,11.9,12,11.4,181.90K,-1.01%
10/7/2012,11.9,12.5,12.6,10.6,289.17K,-5.20%
9/30/2012,12.5,12.4,13.1,12.3,210.29K,1.21%
9/23/2012,12.4,12.2,12.5,11.6,175.00K,0.98%
9/16/2012,12.2,11.8,12.7,11.7,223.13K,4.17%
9/9/2012,11.8,11,11.8,10.8,260.01K,6.43%
9/2/2012,11,10,11.3,9.7,270.47K,10.73%
8/26/2012,10,10.5,12.1,9.7,432.01K,-5.23%
8/19/2012,10.5,11.6,11.6,7.6,759.29K,-9.39%
8/12/2012,11.6,11.5,15.4,10.6,591.64K,0.87%
8/5/2012,11.5,11,12,10.1,379.16K,4.83%
7/29/2012,11,8.9,11.3,8.7,442.24K,23.51%
7/22/2012,8.9,8.9,9.2,7.8,357.35K,0.00%
7/15/2012,8.9,7.5,9.7,7.3,789.95K,17.37%
7/8/2012,7.5,6.8,7.9,6.7,337.91K,11.54%
7/1/2012,6.8,6.7,6.9,6.4,284.01K,1.05%
6/24/2012,6.7,6.4,6.7,6.2,277.01K,4.04%
6/17/2012,6.4,6.4,6.8,6,332.47K,0.00%
6/10/2012,6.4,5.6,6.6,5.4,379.76K,15.11%
6/3/2012,5.6,5.3,5.7,5.2,327.56K,5.90%
5/27/2012,5.3,5.1,5.3,5,243.86K,2.94%
5/20/2012,5.1,5.1,5.2,5.1,220.54K,0.00%
5/13/2012,5.1,4.9,5.1,4.9,282.77K,3.03%
5/6/2012,4.9,5.1,5.1,4.8,326.60K,-2.56%
4/29/2012,5.1,5,5.2,4.9,308.53K,2.01%
4/22/2012,5,5.3,5.3,4.8,367.93K,-5.32%
4/15/2012,5.3,5,5.5,4.9,385.95K,6.05%
4/8/2012,5,4.7,5,4.6,404.72K,5.76%
4/1/2012,4.7,4.9,5.1,4.7,419.10K,-4.48%
3/25/2012,4.9,4.7,4.9,4.3,365.42K,4.91%
3/18/2012,4.7,5.2,5.3,4.5,475.80K,-10.34%
3/11/2012,5.2,4.8,5.4,4.8,367.60K,8.07%
3/4/2012,4.8,4.6,5.1,4.6,334.24K,4.77%
2/26/2012,4.6,4.8,5.1,4.5,403.66K,-3.35%
2/19/2012,4.8,4.2,5.2,4.2,595.59K,13.03%
2/12/2012,4.2,5.6,5.8,3.9,1.08M,-24.64%
2/5/2012,5.6,5.9,6,5.3,720.25K,-4.60%
1/29/2012,5.9,5.6,6.2,5.3,387.00K,4.26%
1/22/2012,5.6,6.2,6.4,5.1,560.59K,-8.90%
1/15/2012,6.2,6.8,7.2,4.6,871.36K,-8.44%
1/8/2012,6.8,6.8,7.2,5.8,757.50K,-0.88%
1/1/2012,6.8,4.7,7.2,4.6,1.02M,44.28%
12/25/2011,4.7,3.9,5,3.8,457.49K,19.80%
12/18/2011,3.9,3.2,4.5,3.2,478.62K,23.12%
12/11/2011,3.2,3,3.4,3,329.70K,4.92%
12/4/2011,3,2.8,3.1,2.6,388.45K,9.32%
11/27/2011,2.8,2.5,3.1,2.4,609.05K,12.96%
11/20/2011,2.5,2.2,2.6,2.2,363.45K,12.27%
11/13/2011,2.2,3,3,2,806.16K,-27.39%
11/6/2011,3,3,3.2,2.8,252.92K,2.02%
10/30/2011,3,3.6,3.7,2.8,268.87K,-17.04%
10/23/2011,3.6,3.2,3.8,2.4,450.69K,13.29%
10/16/2011,3.2,3.8,3.9,2,675.35K,-17.71%
10/9/2011,3.8,4,4.4,3.7,247.14K,-4.24%
10/2/2011,4,5,5.1,3.8,253.06K,-20.28%
9/25/2011,5,5.5,5.5,4.6,199.84K,-8.04%
9/18/2011,5.5,4.8,6.8,4.7,384.64K,14.68%
9/11/2011,4.8,4.8,7.4,4.4,413.36K,0.00%
9/4/2011,4.8,8.5,8.5,4.2,476.41K,-43.75%
8/28/2011,8.5,8.6,9.5,8,112.89K,-1.28%
8/21/2011,8.6,11.4,11.5,7.6,226.80K,-24.98%
8/14/2011,11.4,10.1,11.9,9.6,172.35K,13.03%
8/7/2011,10.1,6.6,12.1,6,392.07K,54.66%
7/31/2011,6.6,13.5,14.9,5.7,398.27K,-51.59%
7/24/2011,13.5,13.7,14.7,13.3,132.60K,-1.10%
7/17/2011,13.7,13.7,14.7,12.5,263.67K,0.00%
7/10/2011,13.7,14.4,15.7,13.5,190.88K,-4.59%
7/3/2011,14.4,15.4,16.5,11,366.20K,-6.62%
6/26/2011,15.4,17.5,18,14,179.65K,-12.05%
6/19/2011,17.5,16.9,18.9,16.9,30.18K,3.67%
6/12/2011,16.9,14.6,25,10.3,481.85K,15.29%
6/5/2011,14.6,18.9,31.9,13,515.02K,-22.45%
5/29/2011,18.9,8.3,18.9,8.1,272.94K,127.59%
5/22/2011,8.3,6.1,9.3,6,207.81K,35.62%
5/15/2011,6.1,7.2,8.5,5.6,223.19K,-15.00%
5/8/2011,7.2,3.6,8.9,3.6,292.56K,97.80%
5/1/2011,3.6,3.5,3.9,2.5,154.50K,4.00%
4/24/2011,3.5,1.7,4.2,1.5,315.37K,105.88%
4/17/2011,1.7,1,2,1,230.94K,61.90%
4/10/2011,1,0.7,1.1,0.7,222.10K,43.84%
4/3/2011,0.7,0.8,0.8,0.6,94.68K,-6.65%
3/27/2011,0.8,0.9,0.9,0.8,37.89K,-8.56%
3/20/2011,0.9,0.8,0.9,0.7,65.51K,11.79%
3/13/2011,0.8,0.9,0.9,0.7,47.85K,-16.67%
3/6/2011,0.9,0.9,0.9,0.8,54.39K,0.00%
2/27/2011,0.9,1,1,0.8,71.26K,0.00%
2/20/2011,1,0.9,1,0.8,53.11K,0.00%
2/13/2011,0.9,1.1,1.1,0.8,70.90K,-12.13%
2/6/2011,1.1,0.9,1.1,0.8,111.64K,17.39%
1/30/2011,0.9,0.4,0.9,0.4,177.62K,109.57%
1/23/2011,0.4,0.4,0.4,0.4,64.42K,0.00%
1/16/2011,0.4,0.4,0.4,0.3,82.88K,15.10%
1/9/2011,0.4,0.3,0.4,0.3,97.03K,19.54%
1/2/2011,0.3,0.3,0.3,0.3,56.70K,0.00%
12/26/2010,0.3,0.2,0.3,0.2,62.38K,20.05%
12/19/2010,0.2,0.2,0.3,0.2,40.10K,0.00%
12/12/2010,0.2,0.2,0.3,0.2,37.50K,0.00%
12/5/2010,0.2,0.2,0.2,0.2,66.89K,0.00%
11/28/2010,0.2,0.3,0.3,0.2,136.93K,-27.56%
11/21/2010,0.3,0.3,0.3,0.3,73.38K,0.00%
11/14/2010,0.3,0.3,0.3,0.2,146.41K,0.00%
11/7/2010,0.3,0.4,0.5,0.1,341.46K,-29.23%
10/31/2010,0.4,0.2,0.5,0.1,228.00K,96.08%
10/24/2010,0.2,0.1,0.2,0.1,205.85K,88.53%
10/17/2010,0.1,0.1,0.1,0.1,165.87K,0.00%
10/10/2010,0.1,0.1,0.1,0.1,206.14K,0.00%
10/3/2010,0.1,0.1,0.1,0,472.96K,0.00%
9/26/2010,0.1,0.1,0.1,0.1,76.07K,0.00%
9/19/2010,0.1,0.1,0.1,0.1,62.80K,0.00%
9/12/2010,0.1,0.1,0.2,0.1,43.62K,0.00%
9/5/2010,0.1,0.1,0.1,0.1,29.59K,0.00%
8/29/2010,0.1,0.1,0.1,0,71.76K,0.00%
8/22/2010,0.1,0.1,0.1,0.1,52.94K,0.00%
8/15/2010,0.1,0.1,0.1,0.1,46.72K,0.00%
8/8/2010,0.1,0.1,0.1,0.1,41.26K,0.00%
8/1/2010,0.1,0.1,0.1,0.1,28.56K,0.00%
7/25/2010,0.1,0.1,0.1,0.1,25.29K,0.00%
7/18/2010,0.1,0,0.1,0.1,6.55K,0.00%