Date;Price;Open;High;Low;Vol;Change %
1.11.2010;0.2;0.2;0.2;0.2;0.2;0
2.11.2010;0.2;0.2;0.2;0.2;5.85;0
3.11.2010;0.2;0.2;0.3;0.1;61.47;0
4.11.2010;0.2;0.2;0.2;0.2;29.7;0
5.11.2010;0.3;0.2;0.3;0.2;36.62;0
6.11.2010;0.4;0.3;0.5;0.2;32.76;50
7.11.2010;0.3;0.4;0.5;0.3;77.22;0
8.11.2010;0.2;0.3;0.4;0.2;118.2;-28.53
9.11.2010;0.2;0.2;0.3;0.2;47.98;0
10.11.2010;0.2;0.2;0.2;0.1;30.39;0
11.11.2010;0.2;0.2;0.2;0.2;5.03;0
12.11.2010;0.3;0.2;0.3;0.2;40.72;0
13.11.2010;0.3;0.3;0.3;0.3;21.92;0
14.11.2010;0.3;0.3;0.3;0.3;16.84;0
15.11.2010;0.3;0.3;0.3;0.3;8.51;0
16.11.2010;0.2;0.3;0.3;0.2;33.93;0
17.11.2010;0.2;0.2;0.3;0.2;32.87;0
18.11.2010;0.3;0.2;0.3;0.2;37.45;0
19.11.2010;0.3;0.3;0.3;0.3;2.16;0
20.11.2010;0.3;0.3;0.3;0.3;14.65;0
21.11.2010;0.3;0.3;0.3;0.3;0.77;0
22.11.2010;0.3;0.3;0.3;0.3;28.21;0
23.11.2010;0.3;0.3;0.3;0.3;4.86;0
24.11.2010;0.3;0.3;0.3;0.3;2.52;0
25.11.2010;0.3;0.3;0.3;0.3;1.68;0
26.11.2010;0.3;0.3;0.3;0.3;33.53;0
27.11.2010;0.3;0.3;0.3;0.3;1.83;0
28.11.2010;0.3;0.3;0.3;0.3;20.8;0
29.11.2010;0.2;0.3;0.3;0.2;35.06;0
30.11.2010;0.2;0.2;0.2;0.2;21.48;0
1.12.2010;0.2;0.2;0.2;0.2;8.16;0
2.12.2010;0.3;0.2;0.3;0.2;20.31;0
3.12.2010;0.3;0.3;0.3;0.2;2.57;0
4.12.2010;0.2;0.3;0.3;0.2;28.56;0
5.12.2010;0.2;0.2;0.2;0.2;5.74;0
6.12.2010;0.2;0.2;0.2;0.2;4.32;0
7.12.2010;0.2;0.2;0.2;0.2;24.59;0
8.12.2010;0.2;0.2;0.2;0.2;3.43;0
9.12.2010;0.2;0.2;0.2;0.2;21.34;0
10.12.2010;0.2;0.2;0.2;0.2;1.68;0
11.12.2010;0.2;0.2;0.2;0.2;5.79;0
12.12.2010;0.2;0.2;0.2;0.2;1.96;0
13.12.2010;0.2;0.2;0.2;0.2;6.42;0
14.12.2010;0.2;0.2;0.2;0.2;10.39;0
15.12.2010;0.2;0.2;0.2;0.2;3.69;0
16.12.2010;0.3;0.2;0.3;0.2;14.36;0
17.12.2010;0.2;0.3;0.2;0.2;0.53;0
18.12.2010;0.2;0.2;0.2;0.2;0.17;0
19.12.2010;0.2;0.2;0.2;0.2;2;0
20.12.2010;0.3;0.2;0.3;0.2;10.68;0
21.12.2010;0.2;0.3;0.3;0.2;9.23;0
22.12.2010;0.3;0.2;0.3;0.2;3.8;0
23.12.2010;0.3;0.3;0.3;0.2;8.65;0
24.12.2010;0.2;0.3;0.3;0.2;5.03;0
25.12.2010;0.2;0.2;0.3;0.2;0.7;0
26.12.2010;0.3;0.2;0.3;0.2;16.59;0
27.12.2010;0.3;0.3;0.3;0.3;4.94;0
28.12.2010;0.3;0.3;0.3;0.3;15.44;0
29.12.2010;0.3;0.3;0.3;0.3;18.61;0
30.12.2010;0.3;0.3;0.3;0.3;2.54;0
31.12.2010;0.3;0.3;0.3;0.3;1.45;0
1.01.2011;0.3;0.3;0.3;0.3;2.82;0
2.01.2011;0.3;0.3;0.3;0.3;5.35;0
3.01.2011;0.3;0.3;0.3;0.3;1.43;0
4.01.2011;0.3;0.3;0.3;0.3;1.88;0
5.01.2011;0.3;0.3;0.3;0.3;0.36;0
6.01.2011;0.3;0.3;0.3;0.3;3.46;0
7.01.2011;0.3;0.3;0.3;0.3;42.6;0
8.01.2011;0.3;0.3;0.3;0.3;1.63;0
9.01.2011;0.3;0.3;0.3;0.3;1.69;0
10.01.2011;0.3;0.3;0.3;0.3;10.36;0
11.01.2011;0.3;0.3;0.3;0.3;4.86;0
12.01.2011;0.3;0.3;0.4;0.3;31.36;0
13.01.2011;0.3;0.3;0.4;0.3;20.12;0
14.01.2011;0.4;0.3;0.4;0.3;27.13;25.94
15.01.2011;0.4;0.4;0.4;0.4;1.52;0
16.01.2011;0.4;0.4;0.4;0.4;2.78;0
17.01.2011;0.3;0.4;0.4;0.3;18.24;0
18.01.2011;0.3;0.3;0.3;0.3;15.67;0
19.01.2011;0.3;0.3;0.3;0.3;7.29;0
20.01.2011;0.4;0.3;0.4;0.3;19.88;24.6
21.01.2011;0.4;0.4;0.4;0.4;8.48;0
22.01.2011;0.4;0.4;0.4;0.4;10.53;0
23.01.2011;0.4;0.4;0.4;0.4;1.15;0
24.01.2011;0.4;0.4;0.4;0.4;11.06;0
25.01.2011;0.4;0.4;0.4;0.4;2.16;0
26.01.2011;0.4;0.4;0.4;0.4;15.57;0
27.01.2011;0.4;0.4;0.4;0.4;27.71;0
28.01.2011;0.4;0.4;0.4;0.4;5.33;0
29.01.2011;0.4;0.4;0.4;0.4;1.45;0
30.01.2011;0.5;0.4;0.5;0.4;10.38;0
31.01.2011;0.5;0.5;0.9;0.5;63.52;0
1.02.2011;0.7;0.5;0.9;0.5;31.56;34.62
2.02.2011;0.7;0.7;0.8;0.7;5.63;0
3.02.2011;0.7;0.7;0.8;0.7;8.53;0
4.02.2011;0.8;0.7;0.9;0.7;42.22;17.54
5.02.2011;0.9;0.8;0.9;0.8;15.79;13.44
6.02.2011;0.9;0.9;0.9;0.8;8.74;0
7.02.2011;0.9;0.9;0.9;0.8;2.26;0
8.02.2011;0.9;0.9;0.9;0.9;7.02;0
9.02.2011;1.1;0.9;1.1;0.8;49.63;18.74
10.02.2011;1;1.1;1.1;0.8;26.56;-10.06
11.02.2011;1.1;1;1.1;0.9;13.3;9.15
12.02.2011;1.1;1.1;1.1;1;4.12;0
13.02.2011;1;1.1;1.1;1;3.24;0
14.02.2011;1.1;1;1.1;1;7.1;0
15.02.2011;1;1.1;1.1;1;8.62;0
16.02.2011;1;1;1;1;7.19;0
17.02.2011;1;1;1;1;4.01;0
18.02.2011;0.9;1;1;0.8;36.95;-13.57
19.02.2011;0.9;0.9;1;0.8;3.8;5.57
20.02.2011;0.9;0.9;0.9;0.8;9.97;-10.43
21.02.2011;0.8;0.9;0.9;0.8;1.7;0
22.02.2011;0.9;0.8;0.9;0.8;12.1;0
23.02.2011;0.9;0.9;0.9;0.9;6.72;0
24.02.2011;1;0.9;1;0.9;13.42;10.82
25.02.2011;0.9;1;1;0.9;4.46;-8.65
26.02.2011;1;0.9;1;0.9;4.74;0
27.02.2011;0.9;1;1;0.9;23.27;-7.1
28.02.2011;0.9;0.9;0.9;0.8;4.65;0
1.03.2011;0.9;0.9;1;0.9;22.57;7
2.03.2011;0.9;0.9;0.9;0.9;2.74;0
3.03.2011;0.9;0.9;0.9;0.9;2.75;0
4.03.2011;0.9;0.9;0.9;0.9;2.71;0
5.03.2011;0.9;0.9;0.9;0.8;12.57;0
6.03.2011;0.9;0.9;0.9;0.8;12.63;0
7.03.2011;0.9;0.9;0.9;0.8;15.27;0
8.03.2011;0.9;0.9;0.9;0.9;4.53;0
9.03.2011;0.9;0.9;0.9;0.9;4.55;0
10.03.2011;0.9;0.9;0.9;0.8;8.87;7.91
11.03.2011;0.9;0.9;0.9;0.9;3.73;-5.67
12.03.2011;0.9;0.9;0.9;0.9;4.82;0
13.03.2011;0.9;0.9;0.9;0.9;0.66;0
14.03.2011;0.9;0.9;0.9;0.9;5.27;0
15.03.2011;0.9;0.9;0.9;0.9;2.73;0
16.03.2011;0.9;0.9;0.9;0.8;7.93;0
17.03.2011;0.8;0.9;0.9;0.8;7.16;0
18.03.2011;0.8;0.8;0.9;0.7;14.23;0
19.03.2011;0.8;0.8;0.8;0.7;9.88;-6.31
20.03.2011;0.7;0.8;0.8;0.7;5.82;0
21.03.2011;0.8;0.7;0.8;0.7;3.7;0
22.03.2011;0.8;0.8;0.8;0.7;12.15;6.59
23.03.2011;0.8;0.8;0.9;0.8;13.26;0
24.03.2011;0.9;0.8;0.9;0.8;14.01;0
25.03.2011;0.9;0.9;0.9;0.9;4.82;0
26.03.2011;0.9;0.9;0.9;0.8;11.76;0
27.03.2011;0.8;0.9;0.9;0.8;5.34;0
28.03.2011;0.8;0.8;0.9;0.8;12.57;0
29.03.2011;0.8;0.8;0.8;0.8;4.22;0
30.03.2011;0.8;0.8;0.8;0.8;3.22;0
31.03.2011;0.8;0.8;0.8;0.8;6.88;0
1.04.2011;0.8;0.8;0.8;0.8;3.19;0
2.04.2011;0.8;0.8;0.8;0.8;2.49;0
3.04.2011;0.8;0.8;0.8;0.8;3.93;0
4.04.2011;0.7;0.8;0.8;0.6;31.16;-12.71
5.04.2011;0.7;0.7;0.7;0.6;9.73;0
6.04.2011;0.7;0.7;0.8;0.7;8.7;0
7.04.2011;0.8;0.7;0.8;0.7;10.83;0
8.04.2011;0.8;0.8;0.8;0.7;18.21;0
9.04.2011;0.7;0.8;0.8;0.7;12.12;0
10.04.2011;0.7;0.7;0.8;0.7;5.35;0
11.04.2011;0.8;0.7;0.8;0.7;14.65;0
12.04.2011;0.9;0.8;0.9;0.8;48.42;11.69
13.04.2011;0.9;0.9;1;0.9;43.4;7.27
14.04.2011;1;0.9;1;0.9;31.11;8.4
15.04.2011;1;1;1.1;0.9;50.31;0
16.04.2011;1;1;1.1;1;28.87;6.07
17.04.2011;1.1;1;1.1;1;24.23;5.71
18.04.2011;1.2;1.1;1.2;1.1;27.48;0
19.04.2011;1.2;1.2;1.2;1.1;12.56;0
20.04.2011;1.1;1.2;1.2;1.1;21.35;-5
21.04.2011;1.2;1.1;1.2;1.1;39.3;6.14
22.04.2011;1.4;1.2;1.4;1.2;39.42;16.53
23.04.2011;1.7;1.4;2;1.3;66.62;20.57
24.04.2011;1.6;1.7;2;1.6;21.54;-4.12
25.04.2011;1.6;1.6;1.7;1.5;13.47;-4.29
26.04.2011;1.8;1.6;1.8;1.5;24.05;14.74
27.04.2011;1.9;1.8;2;1.7;33.06;6.15
28.04.2011;2.2;1.9;2.7;1.7;100.24;16.32
29.04.2011;2.9;2.2;3;2.2;57.58;30.32
30.04.2011;3.5;2.9;4.2;2.8;65.43;21.53
1.05.2011;3;3.5;3.9;2.5;45.77;-13.43
2.05.2011;3.2;3;3.5;3;18.33;5.61
3.05.2011;3.4;3.2;3.5;3.1;16.92;6.56
4.05.2011;3.4;3.4;3.6;3.3;17.28;0
5.05.2011;3.3;3.4;3.5;3.3;15.35;-2.35
6.05.2011;3.5;3.3;3.6;3.3;23.02;3.6
7.05.2011;3.6;3.5;3.7;3.4;17.83;5.51
8.05.2011;3.9;3.6;3.9;3.6;21.13;6.32
9.05.2011;3.8;3.9;3.9;3.7;11.52;-1.81
10.05.2011;5.8;3.8;6;3.8;56.22;52.89
11.05.2011;5.5;5.8;6.1;4.6;52.57;-5.34
12.05.2011;6.3;5.5;6.5;5.2;31.72;14.55
13.05.2011;8.2;6.3;8.4;6.3;64;30.16
14.05.2011;7.2;8.2;8.9;5.8;55.39;-12.2
15.05.2011;7;7.2;7.8;6.2;18.3;-2.92
16.05.2011;8;7;8.5;6.8;44.14;14.88
17.05.2011;7.2;8;8.4;7;35.35;-10.46
18.05.2011;6.9;7.2;7.5;6.6;25.4;-4.31
19.05.2011;6.8;6.9;7.3;6.6;24.44;-1.02
20.05.2011;5.6;6.8;7.1;5.6;44.46;-17.91
21.05.2011;6.1;5.6;6.5;5.6;31.11;9.48
22.05.2011;6.7;6.1;6.8;6;23.87;9.31
23.05.2011;7.2;6.7;7.4;6.7;35.28;6.88
24.05.2011;7.4;7.2;7.5;7;29.28;3.78
25.05.2011;8.4;7.4;9.3;7.2;64.05;13.21
26.05.2011;8.8;8.4;9;8;28.65;4.76
27.05.2011;8.5;8.8;8.8;8.5;14.43;-3.41
28.05.2011;8.3;8.5;8.7;8.1;12.25;-2.35
29.05.2011;8.4;8.3;8.5;8.1;7.49;1.57
30.05.2011;8.8;8.4;9;8.3;17.68;4.39
31.05.2011;8.7;8.8;9.5;8.1;45.79;-0.68
1.06.2011;9.6;8.7;9.7;8.3;43.48;9.5
2.06.2011;10.6;9.6;10.9;9.5;41.05;10.76
3.06.2011;14.3;10.6;14.5;10.6;72.98;34.81
4.06.2011;18.9;14.3;18.9;14;44.48;32.19
5.06.2011;16.7;18.9;19;16.2;24.28;-11.59
6.06.2011;18.5;16.7;19.2;16.5;55.09;11.08
7.06.2011;23.9;18.5;24.3;18.3;53.72;28.95
8.06.2011;29.6;23.9;31.9;22.2;104.93;23.75
9.06.2011;28.9;29.6;31.5;26.1;62.93;-2.3
10.06.2011;24;28.9;29.4;20;92.21;-17.19
11.06.2011;14.6;24;24;13;121.87;-38.83
12.06.2011;18.5;14.6;25;10.3;151.19;26.62
13.06.2011;19.8;18.5;24.5;16;73.42;6.95
14.06.2011;19.3;19.8;20.5;18;36.16;-2.82
15.06.2011;19.5;19.3;20;19;27.71;1.09
16.06.2011;17;19.5;19.9;17;49.2;-12.78
17.06.2011;15.7;17;18.3;13;108.62;-7.76
18.06.2011;16.9;15.7;17;15.1;35.54;7.72
19.06.2011;17.5;16.9;18.9;16.9;30.18;3.67
20.06.2011;17.5;17.5;17.5;17.5;-;0
21.06.2011;17.5;17.5;17.5;17.5;-;0
22.06.2011;17.5;17.5;17.5;17.5;-;0
23.06.2011;17.5;17.5;17.5;17.5;-;0
24.06.2011;17.5;17.5;17.5;17.5;-;0
25.06.2011;17.5;17.5;17.5;17.5;-;0
26.06.2011;16.5;17.5;17.5;14;15.05;-6.05
27.06.2011;16.8;16.5;18;15;31.45;1.82
28.06.2011;17;16.8;17.5;16.5;24.4;1.19
29.06.2011;16.9;17;17.2;16.7;21.04;-0.59
30.06.2011;16.1;16.9;17;15.7;34.96;-4.45
1.07.2011;15.4;16.1;16.7;15.3;33.28;-4.35
2.07.2011;15.4;15.4;15.8;15.3;19.45;0
3.07.2011;15.4;15.4;15.7;15.3;16.79;0
4.07.2011;13.9;15.4;15.5;13.1;52.28;-10.23
5.07.2011;12.9;13.9;15;11;84.08;-6.85
6.07.2011;14.8;12.9;16.5;12.7;111.82;14.48
7.07.2011;14.8;14.8;15.9;14.5;54.47;0
8.07.2011;14.3;14.8;15.6;13.9;34.85;-3.18
9.07.2011;14.4;14.3;14.7;14;11.91;0.49
10.07.2011;14.9;14.4;15.7;14.4;45.28;3.62
11.07.2011;14.2;14.9;15.2;13.8;49.16;-4.63
12.07.2011;14;14.2;14.6;13.9;26.36;-1.41
13.07.2011;13.9;14;14.1;13.9;10.34;-0.43
14.07.2011;14;13.9;14.1;13.7;17.66;0
15.07.2011;13.8;14;14.1;13.5;24.82;-1.29
16.07.2011;13.7;13.8;13.8;13.5;17.26;-0.65
17.07.2011;13.2;13.7;13.8;13;34.38;-4.08
18.07.2011;13.5;13.2;13.9;12.5;75.9;2.43
19.07.2011;13.9;13.5;14.7;13.4;67.58;2.74
20.07.2011;13.7;13.9;14;13.4;23.18;-1.16
21.07.2011;13.6;13.7;13.8;13.4;25.02;-0.58
22.07.2011;13.7;13.6;13.8;13.4;15.17;0.66
23.07.2011;13.7;13.7;13.8;13.5;22.46;0
24.07.2011;14;13.7;14.1;13.6;26.62;2.19
25.07.2011;14.1;14;14.7;13.8;31.58;0.5
26.07.2011;13.9;14.1;14.1;13.8;16.79;-1.21
27.07.2011;13.9;13.9;14.1;13.9;11.51;0.43
28.07.2011;13.5;13.9;13.9;13.3;32.74;-3.23
29.07.2011;13.5;13.5;13.7;13.3;7.26;0
30.07.2011;13.5;13.5;13.6;13.4;6.1;0
31.07.2011;13.4;13.5;14.9;12.8;45.72;-1.33
1.08.2011;13.1;13.4;13.6;12.9;21.75;-1.95
2.08.2011;12.1;13.1;13.1;11.5;57.24;-7.94
3.08.2011;9.3;12.1;12.2;8.7;90.29;-23.15
4.08.2011;10.8;9.3;11.1;9.3;50.09;16.09
5.08.2011;9.8;10.8;11;9.5;30.77;-8.84
6.08.2011;6.6;9.8;9.9;5.7;102.41;-33.16
7.08.2011;7.9;6.6;9.5;6;89.83;20.61
8.08.2011;7.8;7.9;8.2;7.1;34.04;-1.27
9.08.2011;10;7.8;12.1;7.7;114.47;28.08
10.08.2011;10;10;10.4;9.5;24.25;0
11.08.2011;9.5;10;10.5;8.4;58.12;-5.21
12.08.2011;9.5;9.5;9.8;8.9;41.59;0
13.08.2011;10.1;9.5;10.3;9.3;29.76;7.08
14.08.2011;10.8;10.1;11.2;9.6;44.13;6.61
15.08.2011;11.1;10.8;11.9;10.7;38.16;3.24
16.08.2011;11;11.1;11.3;10.8;15.33;-1.7
17.08.2011;10.9;11;11.1;10.7;22.9;0
18.08.2011;10.8;10.9;11.1;10.8;8.21;-1.1
19.08.2011;11.6;10.8;11.8;10.8;33.72;7.57
20.08.2011;11.4;11.6;11.7;11.4;9.92;-1.72
21.08.2011;11.3;11.4;11.5;11.3;8.72;-1.22
22.08.2011;10.9;11.3;11.5;10.5;37;-3.63
23.08.2011;10.9;10.9;11.3;10.8;12.78;0
24.08.2011;10.9;10.9;11.1;10.8;7.82;-0.82
25.08.2011;9.7;10.9;10.9;9.1;55.49;-10.97
26.08.2011;8.2;9.7;9.9;7.6;83;-15.32
27.08.2011;8.6;8.2;9.1;8.1;22;5.01
28.08.2011;9.1;8.6;9.5;8.4;24.16;5.59
29.08.2011;9;9.1;9.3;8.6;21.65;-1.1
30.08.2011;8.8;9;9;8.6;11.77;-2.01
31.08.2011;8.2;8.8;8.8;8;19.65;-6.71
1.09.2011;8.2;8.2;8.4;8.1;11.9;0
2.09.2011;8.6;8.2;8.7;8.2;16.82;5.24
3.09.2011;8.5;8.6;8.7;8.4;6.95;-1.85
4.09.2011;8.2;8.5;8.5;7.8;19.67;-3.54
5.09.2011;7.6;8.2;8.2;7.3;30.8;-6.97
6.09.2011;6.9;7.6;7.7;6.1;82.5;-9.86
7.09.2011;7.2;6.9;7.6;6.5;49.64;4.81
8.09.2011;6.5;7.2;7.2;6.5;31.89;-9.18
9.09.2011;5;6.5;6.6;4.2;217.43;-22.97
10.09.2011;4.8;5;5.5;4.6;44.49;-5.17
11.09.2011;5.9;4.8;7.4;4.6;143.79;22.85
12.09.2011;6.1;5.9;6.6;5.4;63.86;3.75
13.09.2011;5.8;6.1;6.1;5.7;23.76;-4.61
14.09.2011;5.6;5.8;5.8;5.3;43.77;-3.1
15.09.2011;4.8;5.6;5.6;4.4;86.22;-13.88
16.09.2011;4.8;4.8;5;4.6;31.65;0
17.09.2011;4.8;4.8;4.9;4.7;20.3;-1.04
18.09.2011;5.2;4.8;5.6;4.7;44.62;9.01
19.09.2011;5.5;5.2;5.6;4.9;49.84;5
20.09.2011;6.1;5.5;6.8;5.4;116.75;11.9
21.09.2011;5.6;6.1;6.3;5.1;68.16;-8.18
22.09.2011;5.4;5.6;5.8;5.3;31.65;-3.21
23.09.2011;5.6;5.4;5.7;5.4;55.67;2.21
24.09.2011;5.5;5.6;5.6;5.3;17.94;-1.44
25.09.2011;5.3;5.5;5.5;5.3;9.49;-2.56
26.09.2011;4.9;5.3;5.4;4.7;56.07;-8.63
27.09.2011;4.9;4.9;5.1;4.8;24.65;1.03
28.09.2011;4.8;4.9;5;4.6;30.63;-3.05
29.09.2011;4.8;4.8;4.8;4.7;14.09;0
30.09.2011;5.1;4.8;5.3;4.7;41.46;7.53
1.10.2011;5;5.1;5.3;4.9;23.46;-2.14
2.10.2011;5;5;5.1;4.9;10.46;0
3.10.2011;5;5;5;4.9;17.29;0
4.10.2011;5;5;5;4.9;15.79;-1.2
5.10.2011;4.9;5;5;4.8;17.59;-1.81
6.10.2011;4.7;4.9;4.9;4.5;54.77;-2.87
7.10.2011;4.3;4.7;4.8;3.8;97.55;-9.73
8.10.2011;4;4.3;4.3;3.8;39.61;-6.09
9.10.2011;4.1;4;4.4;4;37.92;2.24
10.10.2011;4.1;4.1;4.2;4;16.86;0
11.10.2011;3.9;4.1;4.1;3.8;41.1;-4.15
12.10.2011;4.2;3.9;4.4;3.9;69.4;5.6
13.10.2011;4.1;4.2;4.2;4;19.71;-2.41
14.10.2011;4;4.1;4.1;4;20.06;-1.48
15.10.2011;3.8;4;4.1;3.7;42.09;-3.76
16.10.2011;3.6;3.8;3.9;3.4;36.2;-7.29
17.10.2011;2.6;3.6;3.7;2.3;207.43;-28.09
18.10.2011;2.4;2.6;2.9;2.3;87.86;-5.47
19.10.2011;2.3;2.4;2.5;2;101.87;-6.2
20.10.2011;2.3;2.3;2.4;2.2;48.86;3.52
21.10.2011;2.6;2.3;2.7;2.3;72.97;9.36
22.10.2011;3.2;2.6;3.3;2.5;120.16;22.96
23.10.2011;3.2;3.2;3.2;3;37.04;0
24.10.2011;2.5;3.2;3.2;2.5;92.23;-19.56
25.10.2011;2.8;2.5;3;2.4;101.41;8.63
26.10.2011;2.8;2.8;2.8;2.7;29.4;0
27.10.2011;3;2.8;3.1;2.7;58.7;9.75
28.10.2011;3.2;3;3.3;2.9;52.37;4.93
29.10.2011;3.6;3.2;3.8;3.1;79.54;12.23
30.10.2011;3.3;3.6;3.7;3.2;50.69;-8.66
31.10.2011;3.3;3.3;3.3;3.1;30.98;0
1.11.2011;3.2;3.3;3.3;3.1;37.89;-3.08
2.11.2011;3.3;3.2;3.4;3.1;32.31;3.17
3.11.2011;3.2;3.3;3.3;3.1;24.52;-3.08
4.11.2011;3.1;3.2;3.2;3;39.51;0
5.11.2011;3;3.1;3.2;2.8;52.96;-4.5
6.11.2011;3;3;3;2.9;17.23;0
7.11.2011;3;3;3;3;23.99;0
8.11.2011;3;3;3.2;3;60.34;0
9.11.2011;3;3;3.1;2.9;52.2;-2.96
10.11.2011;2.8;3;3;2.8;33.93;-3.73
11.11.2011;3.1;2.8;3.1;2.8;44.85;8.45
12.11.2011;3;3.1;3.1;3;20.38;0
13.11.2011;3;3;3;3;9.63;0
14.11.2011;2.2;3;3;2.1;382.19;-26
15.11.2011;2.3;2.2;2.5;2.1;76.42;4.95
16.11.2011;2.6;2.3;2.6;2.3;44.21;9.87
17.11.2011;2.3;2.6;2.6;2;117.28;-12.11
18.11.2011;2;2.3;2.4;2;98.14;-8.89
19.11.2011;2.2;2;2.3;2;78.3;7.32
20.11.2011;2.2;2.2;2.5;2.2;79.73;0
21.11.2011;2.3;2.2;2.3;2.2;41.73;4.09
22.11.2011;2.3;2.3;2.3;2.3;34.21;0
23.11.2011;2.3;2.3;2.4;2.3;40;0
24.11.2011;2.4;2.3;2.6;2.3;87.27;4.29
25.11.2011;2.5;2.4;2.5;2.4;44.41;3.29
26.11.2011;2.5;2.5;2.5;2.4;36.12;0
27.11.2011;2.5;2.5;2.5;2.4;22.73;0
28.11.2011;2.5;2.5;2.5;2.4;41.26;2.82
29.11.2011;2.8;2.5;3;2.5;180.53;7.84
30.11.2011;3;2.8;3.1;2.7;120.15;8
1.12.2011;3.1;3;3.1;2.9;63.86;3.03
2.12.2011;3.1;3.1;3.1;3;57.5;1.96
3.12.2011;2.8;3.1;3.1;2.8;123.02;-10.58
4.12.2011;2.8;2.8;2.9;2.6;95.22;0
5.12.2011;2.9;2.8;2.9;2.8;30.89;1.77
6.12.2011;3;2.9;3;2.9;55.6;5.21
7.12.2011;3;3;3.1;2.9;58.12;0
8.12.2011;3;3;3;2.9;39.93;0
9.12.2011;3;3;3;2.9;34.39;0
10.12.2011;3;3;3.1;2.9;74.31;2.69
11.12.2011;3.3;3;3.4;3;108.22;6.56
12.12.2011;3.1;3.3;3.3;3.1;39.9;-3.38
13.12.2011;3.3;3.1;3.3;3.1;32.66;3.5
14.12.2011;3.2;3.3;3.3;3;72.48;-3.08
15.12.2011;3.2;3.2;3.2;3.1;30.09;0
16.12.2011;3.2;3.2;3.2;3.2;29.87;0
17.12.2011;3.2;3.2;3.2;3.2;16.48;0
18.12.2011;3.2;3.2;3.2;3.2;10.79;0
19.12.2011;3.5;3.2;3.7;3.2;139.99;10.34
20.12.2011;4;3.5;4.5;3.5;186.41;12.22
21.12.2011;3.9;4;4;3.8;48.79;-1.52
22.12.2011;3.9;3.9;4;3.5;57.21;0
23.12.2011;4;3.9;4;3.8;20.5;1.54
24.12.2011;3.9;4;4;3.9;14.93;0
25.12.2011;4.2;3.9;4.4;3.8;80.8;7.11
26.12.2011;4;4.2;4.3;3.8;88.83;-4.74
27.12.2011;4.1;4;4.1;4;30.16;1.24
28.12.2011;4.2;4.1;4.3;4;33.84;2.95
29.12.2011;4.2;4.2;4.3;4.1;53.07;0
30.12.2011;4.3;4.2;4.3;4.1;41.07;1.92
31.12.2011;4.7;4.3;5;4.2;129.73;11.06
1.01.2012;5.3;4.7;5.5;4.6;108.51;11.65
2.01.2012;5.2;5.3;5.5;4.8;69.15;-0.95
3.01.2012;4.9;5.2;5.3;4.7;125.17;-6.51
4.01.2012;5.6;4.9;5.7;4.8;131.17;14.14
5.01.2012;6.9;5.6;7.2;5.6;182.33;24.78
6.01.2012;6.7;6.9;7.2;6.1;218.08;-3.6
7.01.2012;6.8;6.7;7;6.4;48.39;1.64
8.01.2012;7.1;6.8;7.2;6.7;57.19;4.41
9.01.2012;6.3;7.1;7.2;5.8;148.41;-10.97
10.01.2012;6.4;6.3;6.9;6;110.21;0
11.01.2012;6.9;6.4;7.1;6.4;99.44;8.49
12.01.2012;6.8;6.9;7;6.3;140.12;-1.45
13.01.2012;6.4;6.8;6.8;6.4;60.23;-5.74
14.01.2012;6.8;6.4;6.9;6.2;141.9;5.3
15.01.2012;7;6.8;7.1;6.7;62.23;3.7
16.01.2012;6.7;7;7.2;6.5;122.67;-4.57
17.01.2012;5.6;6.7;6.9;4.6;213.41;-16.17
18.01.2012;5.9;5.6;6.9;5.1;226.68;5.71
19.01.2012;6.4;5.9;6.4;5.9;114.82;7.43
20.01.2012;6.5;6.4;6.6;6.3;66.79;2.04
21.01.2012;6.2;6.5;6.6;6.1;64.76;-4.78
22.01.2012;6.3;6.2;6.4;6.1;44.89;2.1
23.01.2012;6.4;6.3;6.4;6.2;17.69;0.79
24.01.2012;6.3;6.4;6.4;6.2;35.66;-1.1
25.01.2012;5.8;6.3;6.3;5.5;133.12;-8.59
26.01.2012;5.3;5.8;5.9;5.3;123.95;-7.13
27.01.2012;5.3;5.3;5.5;5.1;115.57;-0.94
28.01.2012;5.6;5.3;5.8;5.3;89.71;6.43
29.01.2012;5.4;5.6;5.7;5.3;46.43;-4.44
30.01.2012;5.5;5.4;5.6;5.4;42.3;2.04
31.01.2012;5.5;5.5;5.7;5.4;48.3;0
1.02.2012;6.1;5.5;6.2;5.5;115.52;10.95
2.02.2012;6.1;6.1;6.2;5.8;54.55;0
3.02.2012;6;6.1;6.1;5.7;59.28;-2.3
4.02.2012;5.9;6;6;5.8;20.62;-1.51
5.02.2012;5.7;5.9;5.9;5.4;120.34;-3.07
6.02.2012;5.4;5.7;5.7;5.4;90.26;-4.22
7.02.2012;5.7;5.4;5.8;5.4;72.75;4.4
8.02.2012;5.6;5.7;5.8;5.3;237.94;-1.58
9.02.2012;5.8;5.6;5.9;5.5;89.95;4.11
10.02.2012;5.9;5.8;6;5.8;39.31;1.37
11.02.2012;5.6;5.9;6;5.5;69.71;-5.25
12.02.2012;5.5;5.6;5.8;5.4;81.92;-1.61
13.02.2012;5.3;5.5;5.7;5.2;170.21;-4.54
14.02.2012;4.5;5.3;5.4;4.2;297.57;-15.21
15.02.2012;4.3;4.5;4.9;4.2;161.8;-2.91
16.02.2012;4.3;4.3;4.4;3.9;166.6;-1.39
17.02.2012;4.4;4.3;4.8;4.2;135.95;3.28
18.02.2012;4.2;4.4;4.5;4.1;70.41;-4.31
19.02.2012;4.4;4.2;4.5;4.2;62.37;4.03
20.02.2012;4.4;4.4;4.5;4.3;37.3;0
21.02.2012;4.3;4.4;4.4;4.2;51.79;-2.06
22.02.2012;4.4;4.3;4.5;4.3;103.84;3.51
23.02.2012;5;4.4;5.2;4.4;164.31;13.35
24.02.2012;5;5;5.1;4.8;89.83;0
25.02.2012;4.8;5;5.1;4.7;86.16;-5.17
26.02.2012;4.9;4.8;5.1;4.8;70.04;3.14
27.02.2012;5;4.9;5;4.9;29.37;0
28.02.2012;4.9;5;5;4.7;62.69;-1.81
29.02.2012;4.9;4.9;4.9;4.8;26.54;0
1.03.2012;4.9;4.9;5;4.9;44.18;1.23
2.03.2012;4.7;4.9;4.9;4.5;130.77;-4.47
3.03.2012;4.6;4.7;4.8;4.5;40.08;-1.91
4.03.2012;4.8;4.6;4.9;4.6;58.83;4.56
5.03.2012;5;4.8;5.1;4.8;65.83;3.32
6.03.2012;5;5;5.1;4.9;44.53;0
7.03.2012;4.9;5;5.1;4.8;46.17;0
8.03.2012;4.9;4.9;5;4.8;58.09;0
9.03.2012;4.9;4.9;4.9;4.8;32.72;-1.42
10.03.2012;4.8;4.9;4.9;4.8;28.07;0
11.03.2012;4.9;4.8;5;4.8;42.44;1.66
12.03.2012;4.9;4.9;4.9;4.9;22.05;0
13.03.2012;5.3;4.9;5.4;4.9;127.33;7.77
14.03.2012;5.4;5.3;5.4;5.3;62.89;2.09
15.03.2012;5.3;5.4;5.4;5.3;41.08;-0.93
16.03.2012;5.3;5.3;5.4;5.3;32.72;0
17.03.2012;5.2;5.3;5.4;5.2;39.1;-2.25
18.03.2012;5.3;5.2;5.3;5.2;22.86;1.15
19.03.2012;4.7;5.3;5.3;4.5;188.89;-11.17
20.03.2012;4.8;4.7;4.9;4.6;66.34;3.2
21.03.2012;4.8;4.8;4.9;4.8;46.44;0
22.03.2012;4.7;4.8;4.9;4.6;58.07;-2.29
23.03.2012;4.7;4.7;4.8;4.6;54.13;0
24.03.2012;4.7;4.7;4.7;4.6;39.07;0
25.03.2012;4.6;4.7;4.7;4.3;71.56;-2.78
26.03.2012;4.6;4.6;4.7;4.5;69.84;1.54
27.03.2012;4.8;4.6;4.8;4.5;73.43;4.11
28.03.2012;4.8;4.8;4.8;4.7;38.02;0
29.03.2012;4.8;4.8;4.9;4.7;37.98;0
30.03.2012;4.9;4.8;4.9;4.7;39.07;1.04
31.03.2012;4.9;4.9;4.9;4.8;35.53;0
1.04.2012;4.8;4.9;4.9;4.7;35.95;-1.63
2.04.2012;5;4.8;5.1;4.8;80.66;2.9
3.04.2012;4.9;5;5;4.8;78.48;0
4.04.2012;4.9;4.9;5;4.9;51.04;0
5.04.2012;4.9;4.9;4.9;4.9;33.81;0
6.04.2012;4.9;4.9;5;4.9;58.21;0
7.04.2012;4.7;4.9;4.9;4.7;80.95;-5.25
8.04.2012;4.8;4.7;4.8;4.6;41.97;2.13
9.04.2012;4.9;4.8;4.9;4.7;39.24;1.67
10.04.2012;4.8;4.9;4.9;4.8;53.1;0
11.04.2012;4.9;4.8;5;4.8;67.04;1.86
12.04.2012;4.9;4.9;4.9;4.8;46.37;0
13.04.2012;4.9;4.9;4.9;4.7;93.11;0
14.04.2012;5;4.9;5;4.9;63.89;0
15.04.2012;5;5;5;4.9;33.34;0
16.04.2012;4.9;5;5;4.9;31.16;0
17.04.2012;5;4.9;5;4.9;30.65;1.01
18.04.2012;5.1;5;5.2;5;79.13;2.81
19.04.2012;5.1;5.1;5.2;5.1;46.68;0
20.04.2012;5.3;5.1;5.5;5.1;104.07;4.09
21.04.2012;5.3;5.3;5.5;5.1;60.92;-1.68
22.04.2012;5.2;5.3;5.3;5.1;37.11;-1.14
23.04.2012;5;5.2;5.2;5;49.37;-4.62
24.04.2012;5.1;5;5.2;4.9;70.99;2.82
25.04.2012;5.1;5.1;5.2;5;35.64;0
26.04.2012;5.1;5.1;5.2;5;57.36;0
27.04.2012;5.1;5.1;5.1;5;25.87;0
28.04.2012;5;5.1;5.1;4.8;91.59;-2.54
29.04.2012;4.9;5;5;4.9;22.23;-1.61
30.04.2012;4.9;4.9;5;4.9;55.77;0
1.05.2012;5;4.9;5;4.9;36.68;1.01
2.05.2012;5.1;5;5.2;5;95.96;1.4
3.05.2012;5.1;5.1;5.2;5;35.42;1.18
4.05.2012;5.1;5.1;5.2;5.1;43.63;-1.17
5.05.2012;5.1;5.1;5.1;5;18.84;0
6.05.2012;5.1;5.1;5.1;5;19.3;0
7.05.2012;5.1;5.1;5.1;5;46.18;0
8.05.2012;5.1;5.1;5.1;5;68.2;0
9.05.2012;5;5.1;5.1;5;38.92;0
10.05.2012;4.8;5;5.1;4.8;69.98;-3.77
11.05.2012;5;4.8;5;4.8;63.13;2.27
12.05.2012;4.9;5;5;4.9;20.88;0
13.05.2012;4.9;4.9;5;4.9;14.05;0
14.05.2012;5;4.9;5;4.9;52.85;1.62
15.05.2012;5;5;5;4.9;44.14;0
16.05.2012;5.1;5;5.1;5;69.37;0.99
17.05.2012;5.1;5.1;5.1;5.1;26.62;0
18.05.2012;5.1;5.1;5.1;5.1;52.58;0
19.05.2012;5.1;5.1;5.1;5.1;23.16;0
20.05.2012;5.1;5.1;5.2;5.1;18.69;0
21.05.2012;5.1;5.1;5.1;5.1;33.62;0
22.05.2012;5.1;5.1;5.1;5.1;46.68;0
23.05.2012;5.1;5.1;5.2;5.1;52.96;0
24.05.2012;5.1;5.1;5.2;5.1;28.92;0
25.05.2012;5.2;5.1;5.2;5.1;23.08;0
26.05.2012;5.1;5.2;5.2;5.1;16.59;-0.97
27.05.2012;5.1;5.1;5.2;5.1;15.75;0
28.05.2012;5.1;5.1;5.2;5.1;27.56;0
29.05.2012;5.2;5.1;5.2;5;61.27;0
30.05.2012;5.1;5.2;5.2;5.1;39.94;0
31.05.2012;5.2;5.1;5.2;5.1;39.48;0
1.06.2012;5.3;5.2;5.3;5.2;44.69;1.74
2.06.2012;5.3;5.3;5.3;5.2;15.17;0
3.06.2012;5.2;5.3;5.3;5.2;12.68;0
4.06.2012;5.3;5.2;5.3;5.2;51.24;1.15
5.06.2012;5.4;5.3;5.5;5.2;83.93;3.23
6.06.2012;5.5;5.4;5.5;5.4;40.68;0
7.06.2012;5.6;5.5;5.6;5.4;48.07;2.38
8.06.2012;5.6;5.6;5.7;5.6;53.84;0
9.06.2012;5.6;5.6;5.7;5.5;37.12;-1.24
10.06.2012;5.5;5.6;5.6;5.4;24.4;-1.62
11.06.2012;5.6;5.5;5.6;5.4;40.26;1.83
12.06.2012;5.7;5.6;5.8;5.5;78.98;2.33
13.06.2012;5.9;5.7;6;5.7;57.24;4.04
14.06.2012;5.9;5.9;6;5.8;35.04;0
15.06.2012;6.5;5.9;6.6;5.9;65.64;9.24
16.06.2012;6.4;6.5;6.6;6.3;78.2;-1.54
17.06.2012;6.2;6.4;6.5;6.1;48.8;-3.75
18.06.2012;6.3;6.2;6.4;6;46.83;2.44
19.06.2012;6.5;6.3;6.5;6.3;43.88;3.01
20.06.2012;6.7;6.5;6.7;6.4;64.07;2.62
21.06.2012;6.7;6.7;6.8;6.6;51.94;0
22.06.2012;6.6;6.7;6.8;6.4;56.82;-1.95
23.06.2012;6.4;6.6;6.7;6.4;20.12;-1.83
24.06.2012;6.3;6.4;6.5;6.3;33.95;-1.24
25.06.2012;6.3;6.3;6.4;6.2;62.64;0
26.06.2012;6.4;6.3;6.5;6.3;48.74;1.9
27.06.2012;6.7;6.4;6.7;6.4;41.98;3.58
28.06.2012;6.6;6.7;6.7;6.5;42.82;0
29.06.2012;6.7;6.6;6.7;6.5;26.3;0
30.06.2012;6.7;6.7;6.7;6.6;20.59;0
1.07.2012;6.6;6.7;6.7;6.5;20.58;-0.9
2.07.2012;6.8;6.6;6.8;6.6;32.36;1.96
3.07.2012;6.4;6.8;6.8;6.4;71.07;-4.59
4.07.2012;6.5;6.4;6.6;6.4;33.48;0.93
5.07.2012;6.7;6.5;6.8;6.5;45.35;2.46
6.07.2012;6.7;6.7;6.7;6.6;43.19;0
7.07.2012;6.8;6.7;6.9;6.6;37.99;1.65
8.07.2012;6.8;6.8;6.9;6.7;18.22;0
9.07.2012;7;6.8;7.1;6.7;61.64;3.24
10.07.2012;7.2;7;7.3;7;70.07;2.56
11.07.2012;7.2;7.2;7.3;7;41.89;0
12.07.2012;7.8;7.2;7.9;7.1;64.62;8.53
13.07.2012;7.7;7.8;7.8;7.4;65.47;-1.16
14.07.2012;7.5;7.7;7.7;7.5;16.01;-1.69
15.07.2012;7.6;7.5;7.7;7.4;26.98;1.06
16.07.2012;8.5;7.6;8.6;7.6;103.4;11.55
17.07.2012;8.8;8.5;9.5;7.3;210.8;3.53
18.07.2012;9.1;8.8;9.4;8.5;105.95;3.52
19.07.2012;8.9;9.1;9.2;8.8;48.25;-2.63
20.07.2012;8.5;8.9;8.9;7.6;154.66;-3.95
21.07.2012;8.9;8.5;9.7;8;139.91;3.87
22.07.2012;8.4;8.9;9;8.3;30.07;-4.97
23.07.2012;8.4;8.4;9.2;7.8;146.4;0
24.07.2012;8.6;8.4;8.9;8.3;40.95;1.78
25.07.2012;8.8;8.6;8.9;8.4;64.72;2.33
26.07.2012;8.9;8.8;8.9;8.6;32.38;1.14
27.07.2012;8.9;8.9;8.9;8.8;26.67;0
28.07.2012;8.9;8.9;8.9;8.7;16.17;0
29.07.2012;8.7;8.9;8.9;8.7;11.46;-2.02
30.07.2012;9.1;8.7;9.1;8.7;51.26;4.48
31.07.2012;9.4;9.1;9.4;9.1;70.17;2.75
1.08.2012;9.6;9.4;9.6;9.1;68.7;2.14
2.08.2012;10.5;9.6;11;9.4;126.69;10.26
3.08.2012;11;10.5;11.1;10.3;61.64;4.18
4.08.2012;11;11;11.3;10.5;52.32;0
5.08.2012;10.9;11;11.3;10.1;67.28;-1
6.08.2012;10.9;10.9;11.2;10.6;51.64;0
7.08.2012;11.1;10.9;11.1;10.6;41.65;2.21
8.08.2012;11.1;11.1;11.1;10.9;31.32;0
9.08.2012;11.1;11.1;12;10.8;101.88;0
10.08.2012;11.4;11.1;11.6;11;63.6;2.98
11.08.2012;11.5;11.4;11.6;11.4;21.79;1.05
12.08.2012;11.6;11.5;11.8;11.4;30.34;0.96
13.08.2012;12;11.6;12.1;11.5;54.04;3.61
14.08.2012;12.2;12;12.3;11.9;44.02;1.25
15.08.2012;13.3;12.2;13.3;12.2;57.56;8.7
16.08.2012;13.5;13.3;13.8;12.5;96.6;1.89
17.08.2012;11.6;13.5;15.4;10.6;221.03;-14.22
18.08.2012;11.6;11.6;12.9;11;88.05;0
19.08.2012;8;11.6;11.6;7.6;238.86;-31.09
20.08.2012;10.1;8;10.5;7.8;192.5;26.25
21.08.2012;9.9;10.1;10.3;9.7;72.08;-1.78
22.08.2012;9.8;9.9;10.1;9.6;67.51;-1.11
23.08.2012;10.1;9.8;10.3;9.7;56.02;2.96
24.08.2012;10.6;10.1;10.6;9.9;92.08;4.95
25.08.2012;10.5;10.6;10.6;10.2;40.23;-0.75
26.08.2012;10.6;10.5;10.6;10.4;26.33;0.86
27.08.2012;10.9;10.6;12.1;10.5;175.12;3.2
28.08.2012;10.9;10.9;11.2;10.5;54.88;0
29.08.2012;10.9;10.9;11.1;10.6;53.65;0
30.08.2012;10.8;10.9;10.9;10.6;30.87;-1.28
31.08.2012;10.2;10.8;10.8;9.7;67.79;-5.75
1.09.2012;10;10.2;10.3;9.8;23.38;-1.87
2.09.2012;10.2;10;10.4;9.7;25.06;2.31
3.09.2012;10.5;10.2;10.6;10.1;22.93;3.24
4.09.2012;10.4;10.5;10.5;10.1;34.88;-1.42
5.09.2012;11;10.4;11.2;10.3;60.77;5.97
6.09.2012;11.2;11;11.3;10.6;67.05;1.64
7.09.2012;11;11.2;11.2;10.9;35.54;-1.61
8.09.2012;11;11;11.1;10.8;24.25;0
9.09.2012;11;11;11.1;10.9;14.03;0
10.09.2012;11.2;11;11.2;10.9;42.29;1.36
11.09.2012;11.3;11.2;11.4;10.9;64.95;1.43
12.09.2012;11.4;11.3;11.4;10.8;58.63;0
13.09.2012;11.4;11.4;11.4;11.2;20.57;0
14.09.2012;11.7;11.4;11.8;11.3;43.26;2.37
15.09.2012;11.8;11.7;11.8;11.6;16.27;0.69
16.09.2012;11.9;11.8;12;11.7;30.3;1.02
17.09.2012;11.9;11.9;12;11.8;26.61;0
18.09.2012;12.3;11.9;12.4;11.8;40.95;3.03
19.09.2012;12.6;12.3;12.7;12.1;41.88;2.61
20.09.2012;12.3;12.6;12.7;12.3;32.57;-2.31
21.09.2012;12.4;12.3;12.5;12;35.84;0.73
22.09.2012;12.2;12.4;12.4;12.1;14.99;-1.05
23.09.2012;12.2;12.2;12.3;11.6;39.92;-0.41
24.09.2012;12.1;12.2;12.3;11.9;27.29;-0.74
25.09.2012;12.2;12.1;12.2;12;21.23;0.83
26.09.2012;12.3;12.2;12.5;12;23.5;0.57
27.09.2012;12.3;12.3;12.4;12.2;19.33;0
28.09.2012;12.4;12.3;12.4;12.1;26.68;0.65
29.09.2012;12.4;12.4;12.5;12.2;17.06;0
30.09.2012;12.4;12.4;12.4;12.3;7.79;0
1.10.2012;12.4;12.4;12.5;12.3;24.83;0
2.10.2012;12.8;12.4;12.9;12.3;50.83;3.55
3.10.2012;12.9;12.8;13;12.7;32.96;0.39
4.10.2012;12.9;12.9;13.1;12.6;37.95;0
5.10.2012;12.7;12.9;13;12.5;31.26;-1.25
6.10.2012;12.5;12.7;12.9;12.4;24.67;-1.42
7.10.2012;11.8;12.5;12.6;11.7;63.51;-5.68
8.10.2012;11.8;11.8;11.9;10.6;97.94;0
9.10.2012;11.9;11.8;12.4;11.6;46.77;1.02
10.10.2012;12.1;11.9;12.2;11.8;27.72;1.85
11.10.2012;12;12.1;12.1;11.9;19.83;-0.74
12.10.2012;12;12;12.1;11.9;21.54;0
13.10.2012;11.9;12;12.1;11.9;11.86;-1.17
14.10.2012;11.7;11.9;12;11.5;22.89;-1.01
15.10.2012;11.8;11.7;12;11.4;27.1;0.85
16.10.2012;11.9;11.8;12;11.5;41.19;0
17.10.2012;11.8;11.9;12;11.7;23.55;0
18.10.2012;11.9;11.8;12;11.8;21.88;1.1
19.10.2012;11.7;11.9;12;11.6;23.18;-1.68
20.10.2012;11.7;11.7;11.9;11.6;22.11;0
21.10.2012;11.6;11.7;11.8;11.6;9.38;-0.94
22.10.2012;11.7;11.6;11.8;11.5;37.62;0.69
23.10.2012;11.6;11.7;12;11.4;54.34;-0.51
24.10.2012;11.6;11.6;11.8;11.6;21.77;0
25.10.2012;10.9;11.6;11.7;10.5;84.71;-6.78
26.10.2012;10.2;10.9;10.9;9.7;99;-6.35
27.10.2012;10.3;10.2;10.8;9.8;47.87;0.88
28.10.2012;10.7;10.3;10.9;10.3;22.39;4.29
29.10.2012;10.6;10.7;10.9;10.3;37.58;-0.93
30.10.2012;10.9;10.6;10.9;10.6;26.02;2.74
31.10.2012;11.2;10.9;11.2;10.7;40.67;2.85
1.11.2012;10.6;11.2;11.3;10.4;50.36;-5.63
2.11.2012;10.5;10.6;10.8;10.3;24.49;-0.95
3.11.2012;10.6;10.5;10.6;10.4;16.73;1.62
4.11.2012;10.8;10.6;10.9;10.5;16.75;1.5
5.11.2012;10.8;10.8;10.9;10.6;21.78;-0.46
6.11.2012;10.9;10.8;10.9;10.7;27;1.4
7.11.2012;10.9;10.9;11.2;10.8;31.73;0
8.11.2012;10.9;10.9;11.1;10.8;26.06;0
9.11.2012;10.8;10.9;11;10.8;14.73;-1.01
10.11.2012;10.9;10.8;11;10.8;13.49;0.65
11.11.2012;10.9;10.9;10.9;10.7;12.63;0
12.11.2012;11;10.9;11.2;10.8;39.22;1.29
13.11.2012;10.9;11;11.1;10.9;16.76;-0.54
14.11.2012;10.9;10.9;11.1;10.8;24.54;0
15.11.2012;11.2;10.9;11.3;10.9;31.9;2.28
16.11.2012;11.8;11.2;11.8;11.2;58.25;4.91
17.11.2012;11.8;11.8;11.8;11.5;19.11;0
18.11.2012;11.6;11.8;11.8;11.6;15.51;-1.19
19.11.2012;11.8;11.6;11.8;11.6;25.2;1.29
20.11.2012;11.7;11.8;11.8;11.6;27.22;-0.59
21.11.2012;11.8;11.7;11.8;11.6;19.23;0
22.11.2012;12.4;11.8;12.4;11.7;58.3;5.52
23.11.2012;12.4;12.4;12.4;12.1;18.97;-0.56
24.11.2012;12.4;12.4;12.5;12.3;19.57;0.49
25.11.2012;12.5;12.4;12.6;12.3;24.02;0.56
26.11.2012;12.3;12.5;12.6;11.9;35.91;-1.84
27.11.2012;12.2;12.3;12.3;11.9;33.2;-0.41
28.11.2012;12.4;12.2;12.4;12.1;30.69;1.23
29.11.2012;12.4;12.4;12.6;12.1;26.51;0.81
30.11.2012;12.6;12.4;12.6;12.4;24.35;0.96
1.12.2012;12.6;12.6;12.7;12.5;14.7;0
2.12.2012;12.5;12.6;12.7;12.4;14.01;-0.48
3.12.2012;12.7;12.5;12.7;12.5;26.76;1.44
4.12.2012;13.4;12.7;13.5;12.6;63.25;5.76
5.12.2012;13.4;13.4;13.4;13.1;29.8;0
6.12.2012;13.3;13.4;13.7;12.9;46.56;-0.6
7.12.2012;13.5;13.3;13.6;13;32.8;1.5
8.12.2012;13.4;13.5;13.6;13.4;13.17;-0.59
9.12.2012;13.4;13.4;13.5;13;28.17;0
10.12.2012;13.4;13.4;13.6;13.3;24.67;0
11.12.2012;13.6;13.4;13.7;13.3;28.05;0.97
12.12.2012;13.7;13.6;13.8;13.3;37.68;1.03
13.12.2012;13.7;13.7;13.8;13.5;24.2;0
14.12.2012;13.6;13.7;13.9;13;70.14;-0.73
15.12.2012;13.5;13.6;13.6;13.4;15.19;-0.81
16.12.2012;13.3;13.5;13.7;13.1;42.76;-1.41
17.12.2012;13.3;13.3;13.5;12.8;63.63;-0.38
18.12.2012;13.3;13.3;13.4;13.1;23.22;0.38
19.12.2012;13.6;13.3;13.6;13.2;38.81;2.26
20.12.2012;13.5;13.6;13.7;13.3;32.98;-0.59
21.12.2012;13.5;13.5;13.6;13.4;25.33;0
22.12.2012;13.4;13.5;13.6;13.3;14.78;-0.96
23.12.2012;13.3;13.4;13.5;13;23.98;-0.45
24.12.2012;13.4;13.3;13.4;13.2;16.69;0.53
25.12.2012;13.4;13.4;13.4;13.1;13.17;0
26.12.2012;13.5;13.4;13.5;13.2;15.84;0.9
27.12.2012;13.4;13.5;13.5;13.3;19.82;-0.37
28.12.2012;13.4;13.4;13.6;13.3;23.81;0
29.12.2012;13.4;13.4;13.7;13.3;26.15;0
30.12.2012;13.4;13.4;13.6;13.4;11.76;0.37
31.12.2012;13.5;13.4;13.6;13.4;15.05;0.45
1.01.2013;13.3;13.5;13.6;13.2;28.41;-1.55
2.01.2013;13.3;13.3;13.4;13.2;17.97;0
3.01.2013;13.4;13.3;13.5;13.3;18.03;0.9
4.01.2013;13.5;13.4;13.5;13.3;29.64;0.75
5.01.2013;13.4;13.5;13.6;13.3;21.33;-0.44
6.01.2013;13.4;13.4;13.5;13.4;12.74;0
7.01.2013;13.6;13.4;13.6;13.4;25.48;1.04
8.01.2013;13.7;13.6;13.9;13.5;42.8;1.1
9.01.2013;13.8;13.7;13.9;13.6;28.61;0
10.01.2013;14.1;13.8;14.3;13.8;51.81;2.69
11.01.2013;14.1;14.1;14.4;13.9;40.44;0
12.01.2013;14.2;14.1;14.3;14;26.93;0.71
13.01.2013;14.1;14.2;14.3;13.9;38.33;-0.84
14.01.2013;14.3;14.1;14.4;14.1;22.1;1.27
15.01.2013;14.3;14.3;14.5;14;51.57;-0.35
16.01.2013;14.7;14.3;14.7;14.2;45.53;3.37
17.01.2013;15.5;14.7;15.7;14.6;65.49;5.23
18.01.2013;15.7;15.5;16;15.4;56.1;1.29
19.01.2013;15.6;15.7;15.8;15.3;34.59;-0.51
20.01.2013;15.7;15.6;15.9;15.5;25.98;0.51
21.01.2013;16.8;15.7;17;15.6;61.5;7.01
22.01.2013;17.3;16.8;17.6;16.6;60.98;2.74
23.01.2013;17.5;17.3;17.6;16.8;49.44;1.39
24.01.2013;16.9;17.5;19.2;15.6;172.01;-3.43
25.01.2013;17.4;16.9;17.8;15.4;80.77;2.96
26.01.2013;17.9;17.4;17.9;16.5;34.81;2.76
27.01.2013;17.8;17.9;18;17.2;23.77;-0.34
28.01.2013;18.7;17.8;18.9;17.8;57.67;5.05
29.01.2013;19.5;18.7;19.8;18.7;86.08;4.33
30.01.2013;19.7;19.5;19.8;19.1;45.07;0.87
31.01.2013;20.4;19.7;21.4;19.5;99.23;3.6
1.02.2013;20.5;20.4;21.1;20.3;49.92;0.44
2.02.2013;19.6;20.5;20.5;18;80.5;-4.24
3.02.2013;20.6;19.6;20.9;19.4;34.24;4.89
4.02.2013;20.4;20.6;21;19.9;52.22;-0.78
5.02.2013;20.6;20.4;20.8;20.2;29.21;0.83
6.02.2013;21.2;20.6;21.3;20.6;51.99;2.82
7.02.2013;22.1;21.2;22.2;20.8;64.26;4.58
8.02.2013;22.7;22.1;22.8;22;48.65;2.3
9.02.2013;23.6;22.7;24;22.6;38.13;4.37
10.02.2013;24;23.6;24.1;22.7;56.43;1.35
11.02.2013;24.6;24;24.7;23.6;29.53;2.84
12.02.2013;25.2;24.6;25.8;24.3;74.24;2.11
13.02.2013;24.2;25.2;26.3;24.2;90.15;-3.85
14.02.2013;27.2;24.2;27.6;21.7;145.74;12.48
15.02.2013;27.1;27.2;27.5;26.1;51.71;-0.44
16.02.2013;27.2;27.1;27.5;26.8;18.83;0.44
17.02.2013;26.8;27.2;27.4;25;77.04;-1.51
18.02.2013;27;26.8;27.1;26.4;29.74;0.52
19.02.2013;29.4;27;29.6;26.8;99.7;9.17
20.02.2013;29.6;29.4;29.9;29;37.21;0.78
21.02.2013;29.8;29.6;30;29.3;34.73;0.34
22.02.2013;30.3;29.8;31.3;29.7;66.95;1.68
23.02.2013;29.8;30.3;30.7;28;72.28;-1.49
24.02.2013;29.9;29.8;30.4;29.2;24.28;0.3
25.02.2013;30.4;29.9;30.4;29.5;26.78;1.71
26.02.2013;31.1;30.4;31.7;30.1;42.86;2.3
27.02.2013;30.9;31.1;31.6;30.8;30.47;-0.64
28.02.2013;33.4;30.9;34.5;30.9;126.52;8.03
1.03.2013;34.5;33.4;34.9;32.9;39.79;3.36
2.03.2013;34.3;34.5;34.8;33.2;36.66;-0.72
3.03.2013;34.5;34.3;34.5;33.8;12.53;0.73
4.03.2013;36.2;34.5;36.7;34.2;46.77;4.78
5.03.2013;40.3;36.2;40.7;36.2;85.43;11.56
6.03.2013;41;40.3;49.1;40.1;126.45;1.71
7.03.2013;42;41;45.5;33.3;157.32;2.39
8.03.2013;44.2;42;44.5;41;47.1;5.19
9.03.2013;46.8;44.2;47;43.4;44.48;6.04
10.03.2013;46;46.8;48;45.5;36.36;-1.81
11.03.2013;48.4;46;48.5;45.5;41.39;5.22
12.03.2013;44.3;48.4;48.4;36.7;183.41;-8.49
13.03.2013;46.9;44.3;47.3;43.8;49.52;5.94
14.03.2013;47.2;46.9;48;46;37.04;0.53
15.03.2013;47;47.2;47.5;46.4;20.29;-0.47
16.03.2013;47;47;47.4;46.3;16.32;0
17.03.2013;47.4;47;47.7;46.8;13.94;0.85
18.03.2013;51.6;47.4;52.9;47.1;65.31;8.86
19.03.2013;59.1;51.6;62;50;111.7;14.61
20.03.2013;64.5;59.1;66;57.7;93.14;9.05
21.03.2013;70.8;64.5;74.9;63.1;94.31;9.86
22.03.2013;69.9;70.8;73.8;65;73.2;-1.38
23.03.2013;64.3;69.9;70.5;52.3;150.46;-7.9
24.03.2013;71.5;64.3;72.5;62.7;42.02;11.11
25.03.2013;73.6;71.5;78;69.5;79.74;2.94
26.03.2013;78.5;73.6;79.7;73.1;56.67;6.66
27.03.2013;88.9;78.5;89.5;78.4;72.23;13.27
28.03.2013;86.2;88.9;95.7;75;140.26;-3.08
29.03.2013;90.5;86.2;93.1;83;83.18;5.01
30.03.2013;92.2;90.5;95;87;37.29;1.87
31.03.2013;93;92.2;93.8;91;21.13;0.91
1.04.2013;104;93;106;92.2;90.56;11.79
2.04.2013;118;104;118.4;99;81.29;13.44
3.04.2013;135;118;147;110;152.71;14.43
4.04.2013;132.1;135;142.1;116.4;88.36;-2.13
5.04.2013;142.3;132.1;144.9;130.2;68.59;7.72
6.04.2013;142.6;142.3;143.9;139.5;18.29;0.22
7.04.2013;162.3;142.6;164.9;142.6;60.96;13.79
8.04.2013;187.5;162.3;194.9;162.6;114.25;15.53
9.04.2013;230;187.5;240.1;186.5;105.84;22.67
10.04.2013;165;230;266;105;190.18;-28.26
11.04.2013;124.9;165;188.7;110.2;118.75;-24.3
12.04.2013;117;124.9;140;54.3;556.47;-6.33
13.04.2013;93;117;130;85.5;238.35;-20.51
14.04.2013;90;93;110;84.4;166.28;-3.23
15.04.2013;82.4;90;102;71.5;236.67;-8.46
16.04.2013;68.4;82.4;84.5;50;572.35;-17.03
17.04.2013;93.1;68.4;98.8;63.3;327.63;36.15
18.04.2013;109;93.1;113;86;172.98;17.13
19.04.2013;118.5;109;136.4;105.5;257.17;8.69
20.04.2013;126.6;118.5;132;115;74.36;6.87
21.04.2013;119.2;126.6;130.5;110;99.13;-5.86
22.04.2013;127.4;119.2;127.4;118.5;59.15;6.88
23.04.2013;143.5;127.4;144;125;116.15;12.62
24.04.2013;154.2;143.5;166.4;141;225.9;7.47
25.04.2013;141.7;154.2;162;120.1;187.65;-8.1
26.04.2013;136.9;141.7;145;121.4;129.01;-3.39
27.04.2013;128;136.9;139.9;122.7;59.88;-6.5
28.04.2013;134.4;128;136.7;127.5;27.52;5.03
29.04.2013;144;134.4;149.1;133;70.21;7.11
30.04.2013;139.2;144;146.9;134;65.23;-3.31
1.05.2013;116.4;139.2;140.1;104;180.01;-16.41
2.05.2013;106.3;116.4;126.9;91.1;234.17;-8.7
3.05.2013;98.1;106.3;109;79;246.48;-7.67
4.05.2013;112.9;98.1;116.3;92;132.62;15.09
5.05.2013;116;112.9;118.8;107;84.21;2.73
6.05.2013;112.3;116;124.9;106;150.07;-3.22
7.05.2013;109.6;112.3;114;97.5;139.67;-2.36
8.05.2013;113.2;109.6;116.8;109.5;61.72;3.28
9.05.2013;112.8;113.2;113.7;108.8;26.95;-0.35
10.05.2013;117.7;112.8;122.5;111.5;77.48;4.34
11.05.2013;115.6;117.7;118.7;113;28.04;-1.75
12.05.2013;114.8;115.6;117.5;112.4;20.6;-0.71
13.05.2013;118;114.8;118.9;114.5;26.18;2.75
14.05.2013;111.4;118;119.8;109.4;87.78;-5.58
15.05.2013;114.2;111.4;116.4;103;117.97;2.53
16.05.2013;118.2;114.2;119;112.1;45.23;3.49
17.05.2013;123.5;118.2;125.6;116.6;79.12;4.48
18.05.2013;123.2;123.5;125.3;122.3;22.65;-0.23
19.05.2013;122.5;123.2;124.5;119.5;20.57;-0.58
20.05.2013;122;122.5;123.7;120.1;17.32;-0.39
21.05.2013;122.9;122;123.1;121.1;13.39;0.71
22.05.2013;123.8;122.9;124.5;122;18.31;0.74
23.05.2013;126.3;123.8;126.9;123;22.12;2.02
24.05.2013;133.1;126.3;134;125.4;48.77;5.38
25.05.2013;132;133.1;133.5;128.2;16.84;-0.83
26.05.2013;133.5;132;136;130.6;23.36;1.14
27.05.2013;129.8;133.5;135.5;124;46.83;-2.79
28.05.2013;129;129.8;130.6;125.4;22.8;-0.59
29.05.2013;132.3;129;132.7;127.6;19.25;2.52
30.05.2013;128.8;132.3;132.4;126.5;24.7;-2.61
31.05.2013;128.8;128.8;130;126.3;16.58;0
1.06.2013;129.3;128.8;129.8;127.1;6.36;0.37
2.06.2013;122.5;129.3;130.1;115;101.14;-5.26
3.06.2013;120.7;122.5;122.8;115.1;28.9;-1.44
4.06.2013;121.4;120.7;124;118.8;21.95;0.55
5.06.2013;121.9;121.4;123.5;119.5;16.64;0.41
6.06.2013;119;121.9;123.3;117;22.1;-2.4
7.06.2013;111;119;119.1;106.2;65.77;-6.7
8.06.2013;107.9;111;113.2;107;17.22;-2.8
9.06.2013;100.4;107.9;109;88;149.43;-6.91
10.06.2013;106.3;100.4;110.6;95;64.32;5.88
11.06.2013;109;106.3;109.6;103.2;16.13;2.49
12.06.2013;108.8;109;112.3;106;17.7;-0.2
13.06.2013;103.9;108.8;110.3;100.3;30.44;-4.44
14.06.2013;100;103.9;104.7;97.1;36.05;-3.8
15.06.2013;99.8;100;103.7;97.5;22.53;-0.2
16.06.2013;99.9;99.8;101.8;98.9;8.66;0.1
17.06.2013;101.9;99.9;102.4;98.9;15.19;2.05
18.06.2013;107.3;101.9;113.3;101;60.61;5.3
19.06.2013;108.3;107.3;111;104.7;17.57;0.84
20.06.2013;111.3;108.3;114.5;107.1;43.09;2.81
21.06.2013;109.5;111.3;115;107.6;38.08;-1.61
22.06.2013;108.2;109.5;110;107.5;7.28;-1.19
23.06.2013;107.9;108.2;109;106.2;11.05;-0.28
24.06.2013;102.1;107.9;108.3;100.8;28.9;-5.38
25.06.2013;103.3;102.1;110;100;93.71;1.21
26.06.2013;104;103.3;105.5;101.8;13.23;0.65
27.06.2013;101.7;104;104;100.1;14.73;-2.17
28.06.2013;94.7;101.7;101.8;92.3;47.77;-6.96
29.06.2013;95;94.7;100.4;93;25.54;0.36
30.06.2013;97.5;95;98.1;93.8;8.58;2.64
1.07.2013;88.1;97.5;98.2;86;53.17;-9.7
2.07.2013;90.4;88.1;92.6;87.5;27.77;2.68
3.07.2013;78.9;90.4;91.2;76;73.62;-12.74
4.07.2013;80;78.9;84.3;72;63.55;1.46
5.07.2013;68.5;80;80.6;65.4;91.06;-14.42
6.07.2013;69.7;68.5;75;66.8;41.04;1.69
7.07.2013;76.5;69.7;77;66.6;42.95;9.82
8.07.2013;76;76.5;80;72.5;58.99;-0.65
9.07.2013;76.7;76;78.3;72.5;32.52;0.92
10.07.2013;88;76.7;89.8;75.5;60.07;14.73
11.07.2013;89;88;90.7;85;35.57;1.11
12.07.2013;94;89;104.2;88;101.55;5.63
13.07.2013;98.3;94;98.3;87.8;34.46;4.61
14.07.2013;94.4;98.3;99;92.9;12.34;-3.97
15.07.2013;98.9;94.4;101.9;93.1;34.51;4.73
16.07.2013;97.1;98.9;100.7;96;16.53;-1.81
17.07.2013;98.5;97.1;100;96.2;17.27;1.44
18.07.2013;90.1;98.5;98.8;86.2;59.5;-8.56
19.07.2013;92;90.1;95.2;87.6;27.68;2.14
20.07.2013;89.8;92;93.1;89.3;9.43;-2.37
21.07.2013;92;89.8;92;88;8.77;2.43
22.07.2013;91.6;92;92;89.8;9.1;-0.43
23.07.2013;95.6;91.6;97.1;91.6;24.61;4.32
24.07.2013;95.1;95.6;96;92.3;14.6;-0.49
25.07.2013;96.9;95.1;97.5;93.6;22.51;1.96
26.07.2013;96;96.9;97.5;96;11.15;-0.96
27.07.2013;94.4;96;97;93;15.12;-1.69
28.07.2013;98.8;94.4;100.6;94;42.23;4.64
29.07.2013;101.5;98.8;102.8;98.4;24.74;2.73
30.07.2013;108;101.5;108;100.5;27.85;6.39
31.07.2013;106.2;108;111.7;103.6;45.5;-1.62
1.08.2013;104;106.2;108;103;15.02;-2.08
2.08.2013;104.5;104;108;101.2;27.5;0.48
3.08.2013;104.9;104.5;105.9;102;8.9;0.43
4.08.2013;105.1;104.9;106;103.5;6.38;0.16
5.08.2013;106.7;105.1;107.8;105;15.44;1.52
6.08.2013;106.6;106.7;107.5;105.1;13.41;-0.15
7.08.2013;106;106.6;107;105.2;7.72;-0.53
8.08.2013;103.1;106;106.7;101;24.02;-2.77
9.08.2013;102.8;103.1;105.8;101.9;12.04;-0.24
10.08.2013;103;102.8;103.9;102.4;4;0.19
11.08.2013;105;103;105.2;102.7;8.17;1.94
12.08.2013;106.8;105;108.1;103.5;20.08;1.72
13.08.2013;109.6;106.8;109.6;104.5;18.75;2.61
14.08.2013;112.6;109.6;115;108;50.57;2.7
15.08.2013;110;112.6;113.3;108.8;15.86;-2.28
16.08.2013;109;110;112.3;108.2;13.54;-0.91
17.08.2013;112.8;109;114;108.2;12.78;3.45
18.08.2013;113.4;112.8;114.7;112;9.62;0.56
19.08.2013;118.5;113.4;123.8;111.8;53.07;4.52
20.08.2013;121.2;118.5;123;116.8;24.29;2.28
21.08.2013;123.3;121.2;125;119.7;30.64;1.73
22.08.2013;122;123.3;124.5;120.5;13.96;-1.05
23.08.2013;118.5;122;122;118.4;19.47;-2.86
24.08.2013;119.6;118.5;121.4;118;8.96;0.92
25.08.2013;122.1;119.6;123;119.1;7.44;2.1
26.08.2013;120.1;122.1;123;119.9;11.44;-1.67
27.08.2013;131.3;120.1;133;120;53.85;9.34
28.08.2013;128.8;131.3;131.7;128;12.56;-1.93
29.08.2013;129.3;128.8;131.2;128.2;8.22;0.42
30.08.2013;138;129.3;142.8;128.6;46.07;6.75
31.08.2013;141;138;148.7;135.9;31.15;2.15
1.09.2013;146;141;147.3;141;14.1;3.55
2.09.2013;144;146;148.5;142.1;10.65;-1.38
3.09.2013;144;144;148.9;142.2;17;0
4.09.2013;132.5;144;145.8;130.1;28.75;-7.98
5.09.2013;130.2;132.5;138;127.2;27.03;-1.74
6.09.2013;121.9;130.2;134;121.9;19.17;-6.37
7.09.2013;129;121.9;131;121.3;14.19;5.82
8.09.2013;126.3;129;129.9;124.1;7.35;-2.07
9.09.2013;133.1;126.3;137.5;124;29.69;5.37
10.09.2013;132.6;133.1;136;131.4;8.88;-0.36
11.09.2013;142.1;132.6;145.9;127.5;41.56;7.15
12.09.2013;139.4;142.1;145.5;137.5;20.53;-1.94
13.09.2013;140.7;139.4;145.6;137.8;20.12;0.94
14.09.2013;136.7;140.7;142;136.5;8.9;-2.81
15.09.2013;138.3;136.7;141;135;6.44;1.16
16.09.2013;139.4;138.3;142.2;137.9;10.61;0.81
17.09.2013;139.1;139.4;141.4;138;9.64;-0.19
18.09.2013;140.4;139.1;142;139;9.49;0.91
19.09.2013;135.1;140.4;141.2;131.1;21.02;-3.82
20.09.2013;133.8;135.1;137.3;131;11.05;-0.92
21.09.2013;134.4;133.8;136;132;5.09;0.43
22.09.2013;134;134.4;135;131;5.89;-0.28
23.09.2013;133.4;134;135;132;6;-0.45
24.09.2013;134.8;133.4;136.6;132.5;8.58;1.03
25.09.2013;135;134.8;138;134.7;9.52;0.16
26.09.2013;137.1;135;139;134.7;6.54;1.56
27.09.2013;138.9;137.1;142.7;134.8;27.14;1.33
28.09.2013;142.5;138.9;143;138;13.66;2.57
29.09.2013;143.9;142.5;145.8;141.4;18.1;0.97
30.09.2013;141.9;143.9;145.8;138.1;14.63;-1.38
1.10.2013;140.3;141.9;144.4;139.4;9.57;-1.13
2.10.2013;123;140.3;141.9;109.7;111.32;-12.33
3.10.2013;131;123;132;120.1;35.27;6.5
4.10.2013;136.8;131;139.8;128.5;18.51;4.45
5.10.2013;136.7;136.8;138;135.3;5;-0.09
6.10.2013;137.8;136.7;138;134.1;4.89;0.8
7.10.2013;135.8;137.8;139;135.1;7.36;-1.45
8.10.2013;136.5;135.8;137.8;135.6;5.23;0.51
9.10.2013;139.5;136.5;142.1;135.8;17.49;2.21
10.10.2013;140.4;139.5;141.7;138.5;11.08;0.65
11.10.2013;140.1;140.4;141.9;138.9;7.25;-0.22
12.10.2013;142.9;140.1;143.1;139.4;11.02;1.99
13.10.2013;147.5;142.9;147.6;141.5;16.17;3.25
14.10.2013;151.4;147.5;153.7;146;29.99;2.6
15.10.2013;158.1;151.4;158.1;150.6;15.73;4.44
16.10.2013;152.8;158.1;163;144.2;42.78;-3.33
17.10.2013;157.6;152.8;159.9;150.8;15.88;3.12
18.10.2013;168.3;157.6;168.3;156.5;25.89;6.78
19.10.2013;183.1;168.3;195.8;167.1;55.28;8.84
20.10.2013;186.1;183.1;186.1;177.2;11.42;1.61
21.10.2013;192.8;186.1;197.4;183.2;24.1;3.59
22.10.2013;203;192.8;205.5;192.8;33.87;5.3
23.10.2013;228;203;228;200.7;39.9;12.31
24.10.2013;207;228;233.4;175.3;96.75;-9.21
25.10.2013;197.9;207;209;176.6;36.75;-4.4
26.10.2013;188.6;197.9;198.4;187;12.09;-4.71
27.10.2013;206.9;188.6;207.8;188.9;13.16;9.73
28.10.2013;206.9;206.9;209.8;200.4;11.07;0
29.10.2013;216;206.9;216.5;204.2;10.02;4.4
30.10.2013;208;216;216.5;204;13.47;-3.7
31.10.2013;211.2;208;215;205.4;5.29;1.52
1.11.2013;213.4;211.2;214.9;209.7;5.88;1.07
2.11.2013;211.7;213.4;214.9;211;4.88;-0.82
3.11.2013;224;211.7;226.9;212.1;12.27;5.82
4.11.2013;238.2;224;239;221.9;18.06;6.32
5.11.2013;251.3;238.2;258.9;229;45.1;5.52
6.11.2013;264.1;251.3;272.5;251.4;38.82;5.09
7.11.2013;309.6;264.1;324.2;263.6;86.13;17.25
8.11.2013;355;309.6;358;308;44.63;14.65
9.11.2013;367.8;355;395;340;49.91;3.6
10.11.2013;336.3;367.8;372.5;290;74.25;-8.56
11.11.2013;363;336.3;376;321.4;18;7.93
12.11.2013;380;363;391.8;359;22.03;4.7
13.11.2013;434.9;380;445;372.2;36.02;14.42
14.11.2013;433.4;434.9;447.5;402.5;31.41;-0.33
15.11.2013;433.9;433.4;457.9;413;28.13;0.12
16.11.2013;462;433.9;476.9;428;19.14;6.46
17.11.2013;528.3;462;536.8;457;26.72;14.36
18.11.2013;785.4;528.3;787.9;522;72.07;48.67
19.11.2013;645.7;785.4;900.9;502.6;99.1;-17.79
20.11.2013;638;645.7;650;453.3;91.59;-1.2
21.11.2013;764.9;638;784.3;595.2;38.73;19.9
22.11.2013;802;764.9;822;682.3;30.15;4.85
23.11.2013;832.5;802;890;799.5;21.31;3.8
24.11.2013;795;832.5;855;745.2;25.95;-4.5
25.11.2013;830;795;850;759;26.38;4.4
26.11.2013;970;830;975;825.1;31.61;16.86
27.11.2013;1079.9;970;1,094,8;914.3;37.86;11.33
28.11.2013;1101.4;1,079,9;1,224,5;1,032,1;37.4;1.99
29.11.2013;1206.9;1,101,4;1,241,9;1,050,0;38.71;9.58
30.11.2013;1205.7;1,206,9;1,232,9;1,150,2;15.1;-0.11
1.12.2013;1004.4;1,205,7;1,216,8;840.3;79.92;-16.69
2.12.2013;1096.6;1,004,4;1,117,7;975;37.05;9.18
3.12.2013;1154.9;1,096,6;1,185,6;1,064,9;19.34;5.32
4.12.2013;1237.6;1,154,9;1,239,7;1,131,3;16.3;7.16
5.12.2013;1106.3;1,237,6;1,239,9;870;58.44;-10.6
6.12.2013;845;1,106,3;1,118,9;800.1;53.52;-23.62
7.12.2013;697;845;896;576;97.66;-17.51
8.12.2013;804;697;829;653;31.21;15.34
9.12.2013;919;804;980;787.7;27.63;14.3
10.12.2013;1033.7;919;1,067,7;912;22.1;12.49
11.12.2013;919.9;1,033,7;1,056,8;856.1;24.36;-11.01
12.12.2013;900;919.9;941;839.5;9.91;-2.17
13.12.2013;936.8;900;989.9;882.1;17.37;4.09
14.12.2013;908.9;936.8;947.9;875.1;11.59;-2.97
15.12.2013;919.9;908.9;927.9;838;15.17;1.2
16.12.2013;759.9;919.9;924.9;714;41.33;-17.39
17.12.2013;715;759.9;780;678.9;31.71;-5.92
18.12.2013;541;715;717;454.9;110.5;-24.34
19.12.2013;732;541;746;522.4;45.76;35.3
20.12.2013;650;732;774.4;621.3;34.77;-11.2
21.12.2013;640.5;650;690;610;14.73;-1.46
22.12.2013;639.5;640.5;699.9;615;11.63;-0.15
23.12.2013;713.2;639.5;724.9;631;15.07;11.53
24.12.2013;702.8;713.2;729.9;666;10.95;-1.47
25.12.2013;707.3;702.8;710;673.9;5.34;0.64
26.12.2013;802;707.3;829.6;707.2;23.53;13.39
27.12.2013;803;802;836.8;767.9;13.89;0.13
28.12.2013;762;803;806;715.6;13.34;-5.11
29.12.2013;785;762;804;735;7.04;3.01
30.12.2013;804.8;785;818.8;781;10.48;2.53
